NodeName,FLOPs,WeightMemory[MB],OutMemory[MB],"Edges[NumTensors, MB]..."
InputGeneratorNode,0,0,0,"(1, 4.9152)"
images_QuantizeLinear,4915200.0,4.9999999999999996e-06,1.2288,"(1, 1.2288)"
images_DequantizeLinear,4915200.0,4.9999999999999996e-06,4.9152,"(1, 4.9152)"
/model.0/conv/Conv,91750400.0,0,6.5536,"(1, 6.5536)"
/model.0/conv/Conv_output_0_QuantizeLinear,6553600.0,4.9999999999999996e-06,1.6384,"(1, 1.6384)"
/model.0/conv/Conv_output_0_DequantizeLinear,6553600.0,4.9999999999999996e-06,6.5536,"(1, 6.5536)","(1, 6.5536)"
/model.0/act/Sigmoid,104857600.0,0,6.5536,"(1, 6.5536)"
/model.0/act/Mul,3276800.0,0,6.5536,"(1, 6.5536)"
/model.0/act/Mul_output_0_QuantizeLinear,6553600.0,4.9999999999999996e-06,1.6384,"(1, 1.6384)"
/model.0/act/Mul_output_0_DequantizeLinear,6553600.0,4.9999999999999996e-06,6.5536,"(1, 6.5536)"
/model.1/conv/Conv,237568000.0,0,3.2768,"(1, 3.2768)"
/model.1/conv/Conv_output_0_QuantizeLinear,3276800.0,4.9999999999999996e-06,0.8192,"(1, 0.8192)"
/model.1/conv/Conv_output_0_DequantizeLinear,3276800.0,4.9999999999999996e-06,3.2768,"(1, 3.2768)","(1, 3.2768)"
/model.1/act/Sigmoid,52428800.0,0,3.2768,"(1, 3.2768)"
/model.1/act/Mul,1638400.0,0,3.2768,"(1, 3.2768)"
/model.1/act/Mul_output_0_QuantizeLinear,3276800.0,4.9999999999999996e-06,0.8192,"(1, 0.8192)"
/model.1/act/Mul_output_0_DequantizeLinear,3276800.0,4.9999999999999996e-06,3.2768,"(1, 3.2768)"
/model.2/cv1/conv/Conv,54067200.0,0,3.2768,"(1, 3.2768)"
/model.2/cv1/conv/Conv_output_0_QuantizeLinear,3276800.0,4.9999999999999996e-06,0.8192,"(1, 0.8192)"
/model.2/cv1/conv/Conv_output_0_DequantizeLinear,3276800.0,4.9999999999999996e-06,3.2768,"(1, 3.2768)","(1, 3.2768)"
/model.2/cv1/act/Sigmoid,52428800.0,0,3.2768,"(1, 3.2768)"
/model.2/cv1/act/Mul,1638400.0,0,3.2768,"(1, 3.2768)"
/model.2/cv1/act/Mul_output_0_QuantizeLinear,3276800.0,4.9999999999999996e-06,0.8192,"(1, 0.8192)"
/model.2/cv1/act/Mul_output_0_DequantizeLinear,3276800.0,4.9999999999999996e-06,3.2768,"(1, 3.2768)"
/model.2/Split,0.0,1.6e-05,3.2768,"(1, 1.6384)","(1, 1.6384)"
/model.2/Split_output_0_QuantizeLinear,1638400.0,4.9999999999999996e-06,0.4096,"(1, 0.4096)"
/model.2/Split_output_1_QuantizeLinear,1638400.0,4.9999999999999996e-06,0.4096,"(1, 0.4096)"
/model.2/Split_output_1_DequantizeLinear,1638400.0,4.9999999999999996e-06,1.6384,"(1, 1.6384)","(1, 1.6384)","(1, 1.6384)"
/model.2/m.0/cv1/conv/Conv,59392000.0,0,0.8192,"(1, 0.8192)"
/model.2/m.0/Add,819200.0,0,1.6384,"(1, 1.6384)"
/model.2/Concat,0.0,0,4.9152,"(1, 4.9152)"
/model.2/Concat_output_0_QuantizeLinear,4915200.0,4.9999999999999996e-06,1.2288,"(1, 1.2288)"
/model.2/Concat_output_0_DequantizeLinear,4915200.0,4.9999999999999996e-06,4.9152,"(1, 4.9152)"
/model.2/cv2/conv/Conv,160563200.0,0,6.5536,"(1, 6.5536)"
/model.2/cv2/conv/Conv_output_0_QuantizeLinear,6553600.0,4.9999999999999996e-06,1.6384,"(1, 1.6384)"
/model.2/cv2/conv/Conv_output_0_DequantizeLinear,6553600.0,4.9999999999999996e-06,6.5536,"(1, 6.5536)","(1, 6.5536)"
/model.2/cv2/act/Sigmoid,104857600.0,0,6.5536,"(1, 6.5536)"
/model.2/cv2/act/Mul,3276800.0,0,6.5536,"(1, 6.5536)"
/model.2/cv2/act/Mul_output_0_QuantizeLinear,6553600.0,4.9999999999999996e-06,1.6384,"(1, 1.6384)"
/model.2/cv2/act/Mul_output_0_DequantizeLinear,6553600.0,4.9999999999999996e-06,6.5536,"(1, 6.5536)"
/model.3/conv/Conv,472678400.0,0,1.6384,"(1, 1.6384)"
/model.3/conv/Conv_output_0_QuantizeLinear,1638400.0,4.9999999999999996e-06,0.4096,"(1, 0.4096)"
/model.3/conv/Conv_output_0_DequantizeLinear,1638400.0,4.9999999999999996e-06,1.6384,"(1, 1.6384)","(1, 1.6384)"
/model.3/act/Sigmoid,26214400.0,0,1.6384,"(1, 1.6384)"
/model.3/act/Mul,819200.0,0,1.6384,"(1, 1.6384)"
/model.3/act/Mul_output_0_QuantizeLinear,1638400.0,4.9999999999999996e-06,0.4096,"(1, 0.4096)"
/model.3/act/Mul_output_0_DequantizeLinear,1638400.0,4.9999999999999996e-06,1.6384,"(1, 1.6384)"
/model.4/cv1/conv/Conv,53248000.0,0,1.6384,"(1, 1.6384)"
/model.4/cv1/conv/Conv_output_0_QuantizeLinear,1638400.0,4.9999999999999996e-06,0.4096,"(1, 0.4096)"
/model.4/cv1/conv/Conv_output_0_DequantizeLinear,1638400.0,4.9999999999999996e-06,1.6384,"(1, 1.6384)","(1, 1.6384)"
/model.4/cv1/act/Sigmoid,26214400.0,0,1.6384,"(1, 1.6384)"
/model.4/cv1/act/Mul,819200.0,0,1.6384,"(1, 1.6384)"
/model.4/cv1/act/Mul_output_0_QuantizeLinear,1638400.0,4.9999999999999996e-06,0.4096,"(1, 0.4096)"
/model.4/cv1/act/Mul_output_0_DequantizeLinear,1638400.0,4.9999999999999996e-06,1.6384,"(1, 1.6384)"
/model.4/Split,0.0,1.6e-05,1.6384,"(1, 0.8192)","(1, 0.8192)"
/model.4/Split_output_0_QuantizeLinear,819200.0,4.9999999999999996e-06,0.2048,"(1, 0.2048)"
/model.4/Split_output_1_QuantizeLinear,819200.0,4.9999999999999996e-06,0.2048,"(1, 0.2048)"
/model.4/Split_output_1_DequantizeLinear,819200.0,4.9999999999999996e-06,0.8192,"(1, 0.8192)","(1, 0.8192)","(1, 0.8192)"
/model.4/m.0/cv1/conv/Conv,59187200.0,0,0.4096,"(1, 0.4096)"
/model.4/m.0/Add,409600.0,0,0.8192,"(1, 0.8192)"
/model.4/Concat,0.0,0,2.4576,"(1, 2.4576)"
/model.4/Concat_output_0_QuantizeLinear,2457600.0,4.9999999999999996e-06,0.6144,"(1, 0.6144)"
/model.4/Concat_output_0_DequantizeLinear,2457600.0,4.9999999999999996e-06,2.4576,"(1, 2.4576)"
/model.4/cv2/conv/Conv,158924800.0,0,3.2768,"(1, 3.2768)"
/model.4/cv2/conv/Conv_output_0_QuantizeLinear,3276800.0,4.9999999999999996e-06,0.8192,"(1, 0.8192)"
/model.4/cv2/conv/Conv_output_0_DequantizeLinear,3276800.0,4.9999999999999996e-06,3.2768,"(1, 3.2768)","(1, 3.2768)"
/model.4/cv2/act/Sigmoid,52428800.0,0,3.2768,"(1, 3.2768)"
/model.4/cv2/act/Mul,1638400.0,0,3.2768,"(1, 3.2768)"
/model.4/cv2/act/Mul_output_0_QuantizeLinear,3276800.0,4.9999999999999996e-06,0.8192,"(1, 0.8192)"
/model.4/cv2/act/Mul_output_0_DequantizeLinear,3276800.0,4.9999999999999996e-06,3.2768,"(1, 3.2768)","(1, 3.2768)"
/model.5/conv/Conv,472268800.0,0,0.8192,"(1, 0.8192)"
/model.15/Concat,0.0,0,6.5536,"(1, 6.5536)"
/model.15/Concat_output_0_QuantizeLinear,6553600.0,4.9999999999999996e-06,1.6384,"(1, 1.6384)"
/model.15/Concat_output_0_DequantizeLinear,6553600.0,4.9999999999999996e-06,6.5536,"(1, 6.5536)"
/model.16/cv1/conv/Conv,210534400.0,0,1.6384,"(1, 1.6384)"
/model.16/cv1/conv/Conv_output_0_QuantizeLinear,1638400.0,4.9999999999999996e-06,0.4096,"(1, 0.4096)"
/model.16/cv1/conv/Conv_output_0_DequantizeLinear,1638400.0,4.9999999999999996e-06,1.6384,"(1, 1.6384)","(1, 1.6384)"
/model.16/cv1/act/Sigmoid,26214400.0,0,1.6384,"(1, 1.6384)"
/model.16/cv1/act/Mul,819200.0,0,1.6384,"(1, 1.6384)"
/model.16/cv1/act/Mul_output_0_QuantizeLinear,1638400.0,4.9999999999999996e-06,0.4096,"(1, 0.4096)"
/model.16/cv1/act/Mul_output_0_DequantizeLinear,1638400.0,4.9999999999999996e-06,1.6384,"(1, 1.6384)"
/model.16/Split,0.0,1.6e-05,1.6384,"(1, 0.8192)","(1, 0.8192)"
/model.16/Split_output_0_QuantizeLinear,819200.0,4.9999999999999996e-06,0.2048,"(1, 0.2048)"
/model.16/Split_output_1_QuantizeLinear,819200.0,4.9999999999999996e-06,0.2048,"(1, 0.2048)"
/model.16/Split_output_1_DequantizeLinear,819200.0,4.9999999999999996e-06,0.8192,"(1, 0.8192)","(1, 0.8192)","(1, 0.8192)"
/model.16/m.0/cv1/conv/Conv,59187200.0,0,0.4096,"(1, 0.4096)"
/model.16/m.0/Add,409600.0,0,0.8192,"(1, 0.8192)"
/model.16/Concat,0.0,0,2.4576,"(1, 2.4576)"
/model.16/Concat_output_0_QuantizeLinear,2457600.0,4.9999999999999996e-06,0.6144,"(1, 0.6144)"
/model.16/Concat_output_0_DequantizeLinear,2457600.0,4.9999999999999996e-06,2.4576,"(1, 2.4576)"
/model.16/cv2/conv/Conv,79462400.0,0,1.6384,"(1, 1.6384)"
/model.16/cv2/conv/Conv_output_0_QuantizeLinear,1638400.0,4.9999999999999996e-06,0.4096,"(1, 0.4096)"
/model.16/cv2/conv/Conv_output_0_DequantizeLinear,1638400.0,4.9999999999999996e-06,1.6384,"(1, 1.6384)","(1, 1.6384)"
/model.16/cv2/act/Sigmoid,26214400.0,0,1.6384,"(1, 1.6384)"
/model.16/cv2/act/Mul,819200.0,0,1.6384,"(1, 1.6384)"
/model.16/cv2/act/Mul_output_0_QuantizeLinear,1638400.0,4.9999999999999996e-06,0.4096,"(1, 0.4096)"
/model.16/cv2/act/Mul_output_0_DequantizeLinear,1638400.0,4.9999999999999996e-06,1.6384,"(1, 1.6384)","(1, 1.6384)","(1, 1.6384)","(1, 1.6384)","(1, 1.6384)"
/model.17/conv/Conv,118169600.0,0,0.4096,"(1, 0.4096)"
/model.23/proto/cv1/conv/Conv,472678400.0,0,1.6384,"(1, 1.6384)"
/model.23/cv4.0/cv4.0.0/conv/Conv,236339200.0,0,0.8192,"(1, 0.8192)"
/model.23/cv2.0/cv2.0.0/conv/Conv,472678400.0,0,1.6384,"(1, 1.6384)"
/model.23/cv3.0/cv3.0.0/cv3.0.0.0/conv/Conv,8192000.0,0,1.6384,"(1, 1.6384)"
/model.23/cv3.0/cv3.0.0/cv3.0.0.0/conv/Conv_output_0_QuantizeLinear,1638400.0,4.9999999999999996e-06,0.4096,"(1, 0.4096)"
/model.23/cv3.0/cv3.0.0/cv3.0.0.0/conv/Conv_output_0_DequantizeLinear,1638400.0,4.9999999999999996e-06,1.6384,"(1, 1.6384)","(1, 1.6384)"
/model.23/cv3.0/cv3.0.0/cv3.0.0.0/act/Sigmoid,26214400.0,0,1.6384,"(1, 1.6384)"
/model.23/cv3.0/cv3.0.0/cv3.0.0.0/act/Mul,819200.0,0,1.6384,"(1, 1.6384)"
/model.23/cv3.0/cv3.0.0/cv3.0.0.0/act/Mul_output_0_QuantizeLinear,1638400.0,4.9999999999999996e-06,0.4096,"(1, 0.4096)"
/model.23/cv3.0/cv3.0.0/cv3.0.0.0/act/Mul_output_0_DequantizeLinear,1638400.0,4.9999999999999996e-06,1.6384,"(1, 1.6384)"
/model.23/cv3.0/cv3.0.0/cv3.0.0.1/conv/Conv,66560000.0,0,2.048,"(1, 2.048)"
/model.23/cv3.0/cv3.0.0/cv3.0.0.1/conv/Conv_output_0_QuantizeLinear,2048000.0,4.9999999999999996e-06,0.512,"(1, 0.512)"
/model.23/cv3.0/cv3.0.0/cv3.0.0.1/conv/Conv_output_0_DequantizeLinear,2048000.0,4.9999999999999996e-06,2.048,"(1, 2.048)","(1, 2.048)"
/model.23/cv3.0/cv3.0.0/cv3.0.0.1/act/Sigmoid,32768000.0,0,2.048,"(1, 2.048)"
/model.23/cv3.0/cv3.0.0/cv3.0.0.1/act/Mul,1024000.0,0,2.048,"(1, 2.048)"
/model.23/cv3.0/cv3.0.0/cv3.0.0.1/act/Mul_output_0_QuantizeLinear,2048000.0,4.9999999999999996e-06,0.512,"(1, 0.512)"
/model.23/cv3.0/cv3.0.0/cv3.0.0.1/act/Mul_output_0_DequantizeLinear,2048000.0,4.9999999999999996e-06,2.048,"(1, 2.048)"
/model.23/cv3.0/cv3.0.1/cv3.0.1.0/conv/Conv,10240000.0,0,2.048,"(1, 2.048)"
/model.23/cv3.0/cv3.0.1/cv3.0.1.0/conv/Conv_output_0_QuantizeLinear,2048000.0,4.9999999999999996e-06,0.512,"(1, 0.512)"
/model.23/cv3.0/cv3.0.1/cv3.0.1.0/conv/Conv_output_0_DequantizeLinear,2048000.0,4.9999999999999996e-06,2.048,"(1, 2.048)","(1, 2.048)"
/model.23/cv3.0/cv3.0.1/cv3.0.1.0/act/Sigmoid,32768000.0,0,2.048,"(1, 2.048)"
/model.23/cv3.0/cv3.0.1/cv3.0.1.0/act/Mul,1024000.0,0,2.048,"(1, 2.048)"
/model.23/cv3.0/cv3.0.1/cv3.0.1.0/act/Mul_output_0_QuantizeLinear,2048000.0,4.9999999999999996e-06,0.512,"(1, 0.512)"
/model.23/cv3.0/cv3.0.1/cv3.0.1.0/act/Mul_output_0_DequantizeLinear,2048000.0,4.9999999999999996e-06,2.048,"(1, 2.048)"
/model.23/cv3.0/cv3.0.1/cv3.0.1.1/conv/Conv,82944000.0,0,2.048,"(1, 2.048)"
/model.23/cv3.0/cv3.0.1/cv3.0.1.1/conv/Conv_output_0_QuantizeLinear,2048000.0,4.9999999999999996e-06,0.512,"(1, 0.512)"
/model.23/cv3.0/cv3.0.1/cv3.0.1.1/conv/Conv_output_0_DequantizeLinear,2048000.0,4.9999999999999996e-06,2.048,"(1, 2.048)","(1, 2.048)"
/model.23/cv3.0/cv3.0.1/cv3.0.1.1/act/Sigmoid,32768000.0,0,2.048,"(1, 2.048)"
/model.23/cv3.0/cv3.0.1/cv3.0.1.1/act/Mul,1024000.0,0,2.048,"(1, 2.048)"
/model.23/cv3.0/cv3.0.1/cv3.0.1.1/act/Mul_output_0_QuantizeLinear,2048000.0,4.9999999999999996e-06,0.512,"(1, 0.512)"
/model.23/cv3.0/cv3.0.1/cv3.0.1.1/act/Mul_output_0_DequantizeLinear,2048000.0,4.9999999999999996e-06,2.048,"(1, 2.048)"
/model.23/cv3.0/cv3.0.2/Conv,82944000.0,0,2.048,"(1, 2.048)"
/model.23/cv3.0/cv3.0.2/Conv_output_0_QuantizeLinear,2048000.0,4.9999999999999996e-06,0.512,"(1, 0.512)"
/model.23/cv3.0/cv3.0.2/Conv_output_0_DequantizeLinear,2048000.0,4.9999999999999996e-06,2.048,"(1, 2.048)"
/model.23/Concat_1,0.0,0,3.6864,"(1, 3.6864)"
/model.23/Reshape_3,0.0,2.4e-05,3.6864,"(1, 3.6864)"
/model.23/Concat_4,0.0,0,4.8384,"(1, 4.8384)"
/model.23/Concat_4_output_0_QuantizeLinear,4838400.0,4.9999999999999996e-06,1.2096,"(1, 1.2096)"
/model.23/Concat_4_output_0_DequantizeLinear,4838400.0,4.9999999999999996e-06,4.8384,"(1, 4.8384)"
/model.23/Split,0.0,1.6e-05,4.8384,"(1, 2.1504)","(1, 2.688)"
/model.23/Split_output_0_QuantizeLinear,2150400.0,4.9999999999999996e-06,0.5376,"(1, 0.5376)"
/model.23/Split_output_1_QuantizeLinear,2688000.0,4.9999999999999996e-06,0.672,"(1, 0.672)"
/model.23/Split_output_1_DequantizeLinear,2688000.0,4.9999999999999996e-06,2.688,"(1, 2.688)"
/model.23/Sigmoid,43008000.0,0,2.688,"(1, 2.688)"
/model.23/Sigmoid_output_0_QuantizeLinear,2688000.0,4.9999999999999996e-06,0.672,"(1, 0.672)"
/model.23/Sigmoid_output_0_DequantizeLinear,2688000.0,4.9999999999999996e-06,2.688,"(1, 2.688)"
/model.23/Concat_6,0.0,0,3.8976,"(1, 3.8976)"
/model.23/Split_output_0_DequantizeLinear,2150400.0,4.9999999999999996e-06,2.1504,"(1, 2.1504)"
/model.23/dfl/Reshape,0.0,3.2e-05,2.1504,"(1, 2.1504)"
/model.23/dfl/Reshape_output_0_QuantizeLinear,2150400.0,4.9999999999999996e-06,0.5376,"(1, 0.5376)"
/model.23/dfl/Reshape_output_0_DequantizeLinear,2150400.0,4.9999999999999996e-06,2.1504,"(1, 2.1504)"
/model.23/dfl/Transpose,0.0,0,2.1504,"(1, 2.1504)"
/model.23/dfl/Transpose_output_0_QuantizeLinear,2150400.0,4.9999999999999996e-06,0.5376,"(1, 0.5376)"
/model.23/dfl/Transpose_output_0_DequantizeLinear,2150400.0,4.9999999999999996e-06,2.1504,"(1, 2.1504)"
/model.23/dfl/Softmax,38707200.0,0,2.1504,"(1, 2.1504)"
/model.23/dfl/Softmax_output_0_QuantizeLinear,2150400.0,4.9999999999999996e-06,0.5376,"(1, 0.5376)"
/model.23/dfl/Softmax_output_0_DequantizeLinear,2150400.0,4.9999999999999996e-06,2.1504,"(1, 2.1504)"
/model.23/dfl/conv/Conv,1075200.0,0,0.1344,"(1, 0.1344)"
/model.23/dfl/conv/Conv_output_0_QuantizeLinear,134400.0,4.9999999999999996e-06,0.0336,"(1, 0.0336)"
/model.23/dfl/conv/Conv_output_0_DequantizeLinear,134400.0,4.9999999999999996e-06,0.1344,"(1, 0.1344)"
/model.23/dfl/Reshape_1,0.0,2.4e-05,0.1344,"(1, 0.1344)"
/model.23/dfl/Reshape_1_output_0_QuantizeLinear,134400.0,4.9999999999999996e-06,0.0336,"(1, 0.0336)"
/model.23/dfl/Reshape_1_output_0_DequantizeLinear,134400.0,4.9999999999999996e-06,0.1344,"(1, 0.1344)","(1, 0.1344)"
/model.23/Slice,0.0,2.4e-05,0.0672,"(1, 0.0672)"
/model.23/Slice_1,0.0,2.4e-05,0.0672,"(1, 0.0672)"
/model.23/Slice_1_output_0_QuantizeLinear,67200.0,4.9999999999999996e-06,0.0168,"(1, 0.0168)"
/model.23/Slice_1_output_0_DequantizeLinear,67200.0,4.9999999999999996e-06,0.0672,"(1, 0.0672)"
/model.23/Add_1,33600.0,0,0.0672,"(1, 0.0672)"
/model.23/Add_1_output_0_QuantizeLinear,67200.0,4.9999999999999996e-06,0.0168,"(1, 0.0168)"
/model.23/Add_1_output_0_DequantizeLinear,67200.0,4.9999999999999996e-06,0.0672,"(1, 0.0672)","(1, 0.0672)"
/model.23/Add_2,33600.0,0,0.0672,"(1, 0.0672)"
/model.23/Sub_1,33600.0,0,0.0672,"(1, 0.0672)"
/model.23/Concat_5,0.0,0,0.1344,"(1, 0.1344)"
/model.23/Concat_5_output_0_QuantizeLinear,134400.0,4.9999999999999996e-06,0.0336,"(1, 0.0336)"
/model.23/Concat_5_output_0_DequantizeLinear,134400.0,4.9999999999999996e-06,0.1344,"(1, 0.1344)"
/model.23/Mul_2,67200.0,0,0.1344,"(1, 0.1344)"
/model.23/Mul_2_output_0_QuantizeLinear,134400.0,4.9999999999999996e-06,0.0336,"(1, 0.0336)"
/model.23/Mul_2_output_0_DequantizeLinear,134400.0,4.9999999999999996e-06,0.1344,"(1, 0.1344)"
/model.23/Add_2_output_0_QuantizeLinear,67200.0,4.9999999999999996e-06,0.0168,"(1, 0.0168)"
/model.23/Add_2_output_0_DequantizeLinear,67200.0,4.9999999999999996e-06,0.0672,"(1, 0.0672)"
/model.23/Div_1,134400.0,4e-06,0.0672,"(1, 0.0672)"
/model.23/Sub,33600.0,0.0672,0.0672,"(1, 0.0672)"
/model.23/Sub_output_0_QuantizeLinear,67200.0,4.9999999999999996e-06,0.0168,"(1, 0.0168)"
/model.23/Sub_output_0_DequantizeLinear,67200.0,4.9999999999999996e-06,0.0672,"(1, 0.0672)","(1, 0.0672)"
/model.23/cv3.0/cv3.0.1/cv3.0.1.1/act/Sigmoid_output_0_QuantizeLinear,2048000.0,4.9999999999999996e-06,0.512,"(1, 0.512)"
/model.23/cv3.0/cv3.0.1/cv3.0.1.1/act/Sigmoid_output_0_DequantizeLinear,2048000.0,4.9999999999999996e-06,2.048,"(1, 2.048)"
/model.23/cv3.0/cv3.0.1/cv3.0.1.0/act/Sigmoid_output_0_QuantizeLinear,2048000.0,4.9999999999999996e-06,0.512,"(1, 0.512)"
/model.23/cv3.0/cv3.0.1/cv3.0.1.0/act/Sigmoid_output_0_DequantizeLinear,2048000.0,4.9999999999999996e-06,2.048,"(1, 2.048)"
/model.23/cv3.0/cv3.0.0/cv3.0.0.1/act/Sigmoid_output_0_QuantizeLinear,2048000.0,4.9999999999999996e-06,0.512,"(1, 0.512)"
/model.23/cv3.0/cv3.0.0/cv3.0.0.1/act/Sigmoid_output_0_DequantizeLinear,2048000.0,4.9999999999999996e-06,2.048,"(1, 2.048)"
/model.23/cv3.0/cv3.0.0/cv3.0.0.0/act/Sigmoid_output_0_QuantizeLinear,1638400.0,4.9999999999999996e-06,0.4096,"(1, 0.4096)"
/model.23/cv3.0/cv3.0.0/cv3.0.0.0/act/Sigmoid_output_0_DequantizeLinear,1638400.0,4.9999999999999996e-06,1.6384,"(1, 1.6384)"
/model.23/cv2.0/cv2.0.0/conv/Conv_output_0_QuantizeLinear,1638400.0,4.9999999999999996e-06,0.4096,"(1, 0.4096)"
/model.23/cv2.0/cv2.0.0/conv/Conv_output_0_DequantizeLinear,1638400.0,4.9999999999999996e-06,1.6384,"(1, 1.6384)","(1, 1.6384)"
/model.23/cv2.0/cv2.0.0/act/Sigmoid,26214400.0,0,1.6384,"(1, 1.6384)"
/model.23/cv2.0/cv2.0.0/act/Mul,819200.0,0,1.6384,"(1, 1.6384)"
/model.23/cv2.0/cv2.0.0/act/Mul_output_0_QuantizeLinear,1638400.0,4.9999999999999996e-06,0.4096,"(1, 0.4096)"
/model.23/cv2.0/cv2.0.0/act/Mul_output_0_DequantizeLinear,1638400.0,4.9999999999999996e-06,1.6384,"(1, 1.6384)"
/model.23/cv2.0/cv2.0.1/conv/Conv,472678400.0,0,1.6384,"(1, 1.6384)"
/model.23/cv2.0/cv2.0.1/conv/Conv_output_0_QuantizeLinear,1638400.0,4.9999999999999996e-06,0.4096,"(1, 0.4096)"
/model.23/cv2.0/cv2.0.1/conv/Conv_output_0_DequantizeLinear,1638400.0,4.9999999999999996e-06,1.6384,"(1, 1.6384)","(1, 1.6384)"
/model.23/cv2.0/cv2.0.1/act/Sigmoid,26214400.0,0,1.6384,"(1, 1.6384)"
/model.23/cv2.0/cv2.0.1/act/Mul,819200.0,0,1.6384,"(1, 1.6384)"
/model.23/cv2.0/cv2.0.1/act/Mul_output_0_QuantizeLinear,1638400.0,4.9999999999999996e-06,0.4096,"(1, 0.4096)"
/model.23/cv2.0/cv2.0.1/act/Mul_output_0_DequantizeLinear,1638400.0,4.9999999999999996e-06,1.6384,"(1, 1.6384)"
/model.23/cv2.0/cv2.0.2/Conv,53248000.0,0,1.6384,"(1, 1.6384)"
/model.23/cv2.0/cv2.0.2/Conv_output_0_QuantizeLinear,1638400.0,4.9999999999999996e-06,0.4096,"(1, 0.4096)"
/model.23/cv2.0/cv2.0.2/Conv_output_0_DequantizeLinear,1638400.0,4.9999999999999996e-06,1.6384,"(1, 1.6384)"
/model.23/cv2.0/cv2.0.1/act/Sigmoid_output_0_QuantizeLinear,1638400.0,4.9999999999999996e-06,0.4096,"(1, 0.4096)"
/model.23/cv2.0/cv2.0.1/act/Sigmoid_output_0_DequantizeLinear,1638400.0,4.9999999999999996e-06,1.6384,"(1, 1.6384)"
/model.23/cv2.0/cv2.0.0/act/Sigmoid_output_0_QuantizeLinear,1638400.0,4.9999999999999996e-06,0.4096,"(1, 0.4096)"
/model.23/cv2.0/cv2.0.0/act/Sigmoid_output_0_DequantizeLinear,1638400.0,4.9999999999999996e-06,1.6384,"(1, 1.6384)"
/model.23/cv4.0/cv4.0.0/conv/Conv_output_0_QuantizeLinear,819200.0,4.9999999999999996e-06,0.2048,"(1, 0.2048)"
/model.23/cv4.0/cv4.0.0/conv/Conv_output_0_DequantizeLinear,819200.0,4.9999999999999996e-06,0.8192,"(1, 0.8192)","(1, 0.8192)"
/model.23/cv4.0/cv4.0.0/act/Sigmoid,13107200.0,0,0.8192,"(1, 0.8192)"
/model.23/cv4.0/cv4.0.0/act/Mul,409600.0,0,0.8192,"(1, 0.8192)"
/model.23/cv4.0/cv4.0.0/act/Mul_output_0_QuantizeLinear,819200.0,4.9999999999999996e-06,0.2048,"(1, 0.2048)"
/model.23/cv4.0/cv4.0.0/act/Mul_output_0_DequantizeLinear,819200.0,4.9999999999999996e-06,0.8192,"(1, 0.8192)"
/model.23/cv4.0/cv4.0.1/conv/Conv,118374400.0,0,0.8192,"(1, 0.8192)"
/model.23/cv4.0/cv4.0.1/conv/Conv_output_0_QuantizeLinear,819200.0,4.9999999999999996e-06,0.2048,"(1, 0.2048)"
/model.23/cv4.0/cv4.0.1/conv/Conv_output_0_DequantizeLinear,819200.0,4.9999999999999996e-06,0.8192,"(1, 0.8192)","(1, 0.8192)"
/model.23/cv4.0/cv4.0.1/act/Sigmoid,13107200.0,0,0.8192,"(1, 0.8192)"
/model.23/cv4.0/cv4.0.1/act/Mul,409600.0,0,0.8192,"(1, 0.8192)"
/model.23/cv4.0/cv4.0.1/act/Mul_output_0_QuantizeLinear,819200.0,4.9999999999999996e-06,0.2048,"(1, 0.2048)"
/model.23/cv4.0/cv4.0.1/act/Mul_output_0_DequantizeLinear,819200.0,4.9999999999999996e-06,0.8192,"(1, 0.8192)"
/model.23/cv4.0/cv4.0.2/Conv,13516800.0,0,0.8192,"(1, 0.8192)"
/model.23/cv4.0/cv4.0.2/Conv_output_0_QuantizeLinear,819200.0,4.9999999999999996e-06,0.2048,"(1, 0.2048)"
/model.23/cv4.0/cv4.0.2/Conv_output_0_DequantizeLinear,819200.0,4.9999999999999996e-06,0.8192,"(1, 0.8192)"
/model.23/Reshape,0.0,2.4e-05,0.8192,"(1, 0.8192)"
/model.23/Reshape_output_0_QuantizeLinear,819200.0,4.9999999999999996e-06,0.2048,"(1, 0.2048)"
/model.23/Reshape_output_0_DequantizeLinear,819200.0,4.9999999999999996e-06,0.8192,"(1, 0.8192)"
/model.23/Concat,0.0,0,1.0752,"(1, 1.0752)"
/model.23/cv4.0/cv4.0.1/act/Sigmoid_output_0_QuantizeLinear,819200.0,4.9999999999999996e-06,0.2048,"(1, 0.2048)"
/model.23/cv4.0/cv4.0.1/act/Sigmoid_output_0_DequantizeLinear,819200.0,4.9999999999999996e-06,0.8192,"(1, 0.8192)"
/model.23/cv4.0/cv4.0.0/act/Sigmoid_output_0_QuantizeLinear,819200.0,4.9999999999999996e-06,0.2048,"(1, 0.2048)"
/model.23/cv4.0/cv4.0.0/act/Sigmoid_output_0_DequantizeLinear,819200.0,4.9999999999999996e-06,0.8192,"(1, 0.8192)"
/model.23/proto/cv1/conv/Conv_output_0_QuantizeLinear,1638400.0,4.9999999999999996e-06,0.4096,"(1, 0.4096)"
/model.23/proto/cv1/conv/Conv_output_0_DequantizeLinear,1638400.0,4.9999999999999996e-06,1.6384,"(1, 1.6384)","(1, 1.6384)"
/model.23/proto/cv1/act/Sigmoid,26214400.0,0,1.6384,"(1, 1.6384)"
/model.23/proto/cv1/act/Mul,819200.0,0,1.6384,"(1, 1.6384)"
/model.23/proto/cv1/act/Mul_output_0_QuantizeLinear,1638400.0,4.9999999999999996e-06,0.4096,"(1, 0.4096)"
/model.23/proto/cv1/act/Mul_output_0_DequantizeLinear,1638400.0,4.9999999999999996e-06,1.6384,"(1, 1.6384)"
/model.23/proto/upsample/ConvTranspose,842137600.0,0,6.5536,"(1, 6.5536)"
/model.23/proto/upsample/ConvTranspose_output_0_QuantizeLinear,6553600.0,4.9999999999999996e-06,1.6384,"(1, 1.6384)"
/model.23/proto/upsample/ConvTranspose_output_0_DequantizeLinear,6553600.0,4.9999999999999996e-06,6.5536,"(1, 6.5536)"
/model.23/proto/cv2/conv/Conv,1890713600.0,0,6.5536,"(1, 6.5536)"
/model.23/proto/cv2/conv/Conv_output_0_QuantizeLinear,6553600.0,4.9999999999999996e-06,1.6384,"(1, 1.6384)"
/model.23/proto/cv2/conv/Conv_output_0_DequantizeLinear,6553600.0,4.9999999999999996e-06,6.5536,"(1, 6.5536)","(1, 6.5536)"
/model.23/proto/cv2/act/Sigmoid,104857600.0,0,6.5536,"(1, 6.5536)"
/model.23/proto/cv2/act/Mul,3276800.0,0,6.5536,"(1, 6.5536)"
/model.23/proto/cv2/act/Mul_output_0_QuantizeLinear,6553600.0,4.9999999999999996e-06,1.6384,"(1, 1.6384)"
/model.23/proto/cv2/act/Mul_output_0_DequantizeLinear,6553600.0,4.9999999999999996e-06,6.5536,"(1, 6.5536)"
/model.23/proto/cv3/conv/Conv,106496000.0,0,3.2768,"(1, 3.2768)"
/model.23/proto/cv3/conv/Conv_output_0_QuantizeLinear,3276800.0,4.9999999999999996e-06,0.8192,"(1, 0.8192)"
/model.23/proto/cv3/conv/Conv_output_0_DequantizeLinear,3276800.0,4.9999999999999996e-06,3.2768,"(1, 3.2768)","(1, 3.2768)"
/model.23/proto/cv3/act/Sigmoid,52428800.0,0,3.2768,"(1, 3.2768)"
/model.23/proto/cv3/act/Mul,1638400.0,0,3.2768,"(1, 3.2768)"
output1_QuantizeLinear,3276800.0,4.9999999999999996e-06,0.8192,"(1, 0.8192)"
output1_DequantizeLinear,3276800.0,4.9999999999999996e-06,3.2768,"(1, 3.2768)"
/model.23/proto/cv3/act/Sigmoid_output_0_QuantizeLinear,3276800.0,4.9999999999999996e-06,0.8192,"(1, 0.8192)"
/model.23/proto/cv3/act/Sigmoid_output_0_DequantizeLinear,3276800.0,4.9999999999999996e-06,3.2768,"(1, 3.2768)"
/model.23/proto/cv2/act/Sigmoid_output_0_QuantizeLinear,6553600.0,4.9999999999999996e-06,1.6384,"(1, 1.6384)"
/model.23/proto/cv2/act/Sigmoid_output_0_DequantizeLinear,6553600.0,4.9999999999999996e-06,6.5536,"(1, 6.5536)"
/model.23/proto/cv1/act/Sigmoid_output_0_QuantizeLinear,1638400.0,4.9999999999999996e-06,0.4096,"(1, 0.4096)"
/model.23/proto/cv1/act/Sigmoid_output_0_DequantizeLinear,1638400.0,4.9999999999999996e-06,1.6384,"(1, 1.6384)"
/model.17/conv/Conv_output_0_QuantizeLinear,409600.0,4.9999999999999996e-06,0.1024,"(1, 0.1024)"
/model.17/conv/Conv_output_0_DequantizeLinear,409600.0,4.9999999999999996e-06,0.4096,"(1, 0.4096)","(1, 0.4096)"
/model.17/act/Sigmoid,6553600.0,0,0.4096,"(1, 0.4096)"
/model.17/act/Mul,204800.0,0,0.4096,"(1, 0.4096)"
/model.17/act/Mul_output_0_QuantizeLinear,409600.0,4.9999999999999996e-06,0.1024,"(1, 0.1024)"
/model.17/act/Mul_output_0_DequantizeLinear,409600.0,4.9999999999999996e-06,0.4096,"(1, 0.4096)"
/model.18/Concat,0.0,0,1.2288,"(1, 1.2288)"
/model.18/Concat_output_0_QuantizeLinear,1228800.0,4.9999999999999996e-06,0.3072,"(1, 0.3072)"
/model.18/Concat_output_0_DequantizeLinear,1228800.0,4.9999999999999996e-06,1.2288,"(1, 1.2288)"
/model.19/cv1/conv/Conv,79052800.0,0,0.8192,"(1, 0.8192)"
/model.19/cv1/conv/Conv_output_0_QuantizeLinear,819200.0,4.9999999999999996e-06,0.2048,"(1, 0.2048)"
/model.19/cv1/conv/Conv_output_0_DequantizeLinear,819200.0,4.9999999999999996e-06,0.8192,"(1, 0.8192)","(1, 0.8192)"
/model.19/cv1/act/Sigmoid,13107200.0,0,0.8192,"(1, 0.8192)"
/model.19/cv1/act/Mul,409600.0,0,0.8192,"(1, 0.8192)"
/model.19/cv1/act/Mul_output_0_QuantizeLinear,819200.0,4.9999999999999996e-06,0.2048,"(1, 0.2048)"
/model.19/cv1/act/Mul_output_0_DequantizeLinear,819200.0,4.9999999999999996e-06,0.8192,"(1, 0.8192)"
/model.19/Split,0.0,1.6e-05,0.8192,"(1, 0.4096)","(1, 0.4096)"
/model.19/Split_output_0_QuantizeLinear,409600.0,4.9999999999999996e-06,0.1024,"(1, 0.1024)"
/model.19/Split_output_1_QuantizeLinear,409600.0,4.9999999999999996e-06,0.1024,"(1, 0.1024)"
/model.19/Split_output_1_DequantizeLinear,409600.0,4.9999999999999996e-06,0.4096,"(1, 0.4096)","(1, 0.4096)","(1, 0.4096)"
/model.19/m.0/cv1/conv/Conv,59084800.0,0,0.2048,"(1, 0.2048)"
/model.19/m.0/Add,204800.0,0,0.4096,"(1, 0.4096)"
/model.19/Concat,0.0,0,1.2288,"(1, 1.2288)"
/model.19/Concat_output_0_QuantizeLinear,1228800.0,4.9999999999999996e-06,0.3072,"(1, 0.3072)"
/model.19/Concat_output_0_DequantizeLinear,1228800.0,4.9999999999999996e-06,1.2288,"(1, 1.2288)"
/model.19/cv2/conv/Conv,79052800.0,0,0.8192,"(1, 0.8192)"
/model.19/cv2/conv/Conv_output_0_QuantizeLinear,819200.0,4.9999999999999996e-06,0.2048,"(1, 0.2048)"
/model.19/cv2/conv/Conv_output_0_DequantizeLinear,819200.0,4.9999999999999996e-06,0.8192,"(1, 0.8192)","(1, 0.8192)"
/model.19/cv2/act/Sigmoid,13107200.0,0,0.8192,"(1, 0.8192)"
/model.19/cv2/act/Mul,409600.0,0,0.8192,"(1, 0.8192)"
/model.19/cv2/act/Mul_output_0_QuantizeLinear,819200.0,4.9999999999999996e-06,0.2048,"(1, 0.2048)"
/model.19/cv2/act/Mul_output_0_DequantizeLinear,819200.0,4.9999999999999996e-06,0.8192,"(1, 0.8192)","(1, 0.8192)","(1, 0.8192)","(1, 0.8192)"
/model.20/conv/Conv,118067200.0,0,0.2048,"(1, 0.2048)"
/model.23/cv4.1/cv4.1.0/conv/Conv,118067200.0,0,0.2048,"(1, 0.2048)"
/model.23/cv2.1/cv2.1.0/conv/Conv,236134400.0,0,0.4096,"(1, 0.4096)"
/model.23/cv3.1/cv3.1.0/cv3.1.0.0/conv/Conv,4096000.0,0,0.8192,"(1, 0.8192)"
/model.23/cv3.1/cv3.1.0/cv3.1.0.0/conv/Conv_output_0_QuantizeLinear,819200.0,4.9999999999999996e-06,0.2048,"(1, 0.2048)"
/model.23/cv3.1/cv3.1.0/cv3.1.0.0/conv/Conv_output_0_DequantizeLinear,819200.0,4.9999999999999996e-06,0.8192,"(1, 0.8192)","(1, 0.8192)"
/model.23/cv3.1/cv3.1.0/cv3.1.0.0/act/Sigmoid,13107200.0,0,0.8192,"(1, 0.8192)"
/model.23/cv3.1/cv3.1.0/cv3.1.0.0/act/Mul,409600.0,0,0.8192,"(1, 0.8192)"
/model.23/cv3.1/cv3.1.0/cv3.1.0.0/act/Mul_output_0_QuantizeLinear,819200.0,4.9999999999999996e-06,0.2048,"(1, 0.2048)"
/model.23/cv3.1/cv3.1.0/cv3.1.0.0/act/Mul_output_0_DequantizeLinear,819200.0,4.9999999999999996e-06,0.8192,"(1, 0.8192)"
/model.23/cv3.1/cv3.1.0/cv3.1.0.1/conv/Conv,33024000.0,0,0.512,"(1, 0.512)"
/model.23/cv3.1/cv3.1.0/cv3.1.0.1/conv/Conv_output_0_QuantizeLinear,512000.0,4.9999999999999996e-06,0.128,"(1, 0.128)"
/model.23/cv3.1/cv3.1.0/cv3.1.0.1/conv/Conv_output_0_DequantizeLinear,512000.0,4.9999999999999996e-06,0.512,"(1, 0.512)","(1, 0.512)"
/model.23/cv3.1/cv3.1.0/cv3.1.0.1/act/Sigmoid,8192000.0,0,0.512,"(1, 0.512)"
/model.23/cv3.1/cv3.1.0/cv3.1.0.1/act/Mul,256000.0,0,0.512,"(1, 0.512)"
/model.23/cv3.1/cv3.1.0/cv3.1.0.1/act/Mul_output_0_QuantizeLinear,512000.0,4.9999999999999996e-06,0.128,"(1, 0.128)"
/model.23/cv3.1/cv3.1.0/cv3.1.0.1/act/Mul_output_0_DequantizeLinear,512000.0,4.9999999999999996e-06,0.512,"(1, 0.512)"
/model.23/cv3.1/cv3.1.1/cv3.1.1.0/conv/Conv,2560000.0,0,0.512,"(1, 0.512)"
/model.23/cv3.1/cv3.1.1/cv3.1.1.0/conv/Conv_output_0_QuantizeLinear,512000.0,4.9999999999999996e-06,0.128,"(1, 0.128)"
/model.23/cv3.1/cv3.1.1/cv3.1.1.0/conv/Conv_output_0_DequantizeLinear,512000.0,4.9999999999999996e-06,0.512,"(1, 0.512)","(1, 0.512)"
/model.23/cv3.1/cv3.1.1/cv3.1.1.0/act/Sigmoid,8192000.0,0,0.512,"(1, 0.512)"
/model.23/cv3.1/cv3.1.1/cv3.1.1.0/act/Mul,256000.0,0,0.512,"(1, 0.512)"
/model.23/cv3.1/cv3.1.1/cv3.1.1.0/act/Mul_output_0_QuantizeLinear,512000.0,4.9999999999999996e-06,0.128,"(1, 0.128)"
/model.23/cv3.1/cv3.1.1/cv3.1.1.0/act/Mul_output_0_DequantizeLinear,512000.0,4.9999999999999996e-06,0.512,"(1, 0.512)"
/model.23/cv3.1/cv3.1.1/cv3.1.1.1/conv/Conv,20736000.0,0,0.512,"(1, 0.512)"
/model.23/cv3.1/cv3.1.1/cv3.1.1.1/conv/Conv_output_0_QuantizeLinear,512000.0,4.9999999999999996e-06,0.128,"(1, 0.128)"
/model.23/cv3.1/cv3.1.1/cv3.1.1.1/conv/Conv_output_0_DequantizeLinear,512000.0,4.9999999999999996e-06,0.512,"(1, 0.512)","(1, 0.512)"
/model.23/cv3.1/cv3.1.1/cv3.1.1.1/act/Sigmoid,8192000.0,0,0.512,"(1, 0.512)"
/model.23/cv3.1/cv3.1.1/cv3.1.1.1/act/Mul,256000.0,0,0.512,"(1, 0.512)"
/model.23/cv3.1/cv3.1.1/cv3.1.1.1/act/Mul_output_0_QuantizeLinear,512000.0,4.9999999999999996e-06,0.128,"(1, 0.128)"
/model.23/cv3.1/cv3.1.1/cv3.1.1.1/act/Mul_output_0_DequantizeLinear,512000.0,4.9999999999999996e-06,0.512,"(1, 0.512)"
/model.23/cv3.1/cv3.1.2/Conv,20736000.0,0,0.512,"(1, 0.512)"
/model.23/cv3.1/cv3.1.2/Conv_output_0_QuantizeLinear,512000.0,4.9999999999999996e-06,0.128,"(1, 0.128)"
/model.23/cv3.1/cv3.1.2/Conv_output_0_DequantizeLinear,512000.0,4.9999999999999996e-06,0.512,"(1, 0.512)"
/model.23/Concat_2,0.0,0,0.9216,"(1, 0.9216)"
/model.23/Reshape_4,0.0,2.4e-05,0.9216,"(1, 0.9216)"
/model.23/cv3.1/cv3.1.1/cv3.1.1.1/act/Sigmoid_output_0_QuantizeLinear,512000.0,4.9999999999999996e-06,0.128,"(1, 0.128)"
/model.23/cv3.1/cv3.1.1/cv3.1.1.1/act/Sigmoid_output_0_DequantizeLinear,512000.0,4.9999999999999996e-06,0.512,"(1, 0.512)"
/model.23/cv3.1/cv3.1.1/cv3.1.1.0/act/Sigmoid_output_0_QuantizeLinear,512000.0,4.9999999999999996e-06,0.128,"(1, 0.128)"
/model.23/cv3.1/cv3.1.1/cv3.1.1.0/act/Sigmoid_output_0_DequantizeLinear,512000.0,4.9999999999999996e-06,0.512,"(1, 0.512)"
/model.23/cv3.1/cv3.1.0/cv3.1.0.1/act/Sigmoid_output_0_QuantizeLinear,512000.0,4.9999999999999996e-06,0.128,"(1, 0.128)"
/model.23/cv3.1/cv3.1.0/cv3.1.0.1/act/Sigmoid_output_0_DequantizeLinear,512000.0,4.9999999999999996e-06,0.512,"(1, 0.512)"
/model.23/cv3.1/cv3.1.0/cv3.1.0.0/act/Sigmoid_output_0_QuantizeLinear,819200.0,4.9999999999999996e-06,0.2048,"(1, 0.2048)"
/model.23/cv3.1/cv3.1.0/cv3.1.0.0/act/Sigmoid_output_0_DequantizeLinear,819200.0,4.9999999999999996e-06,0.8192,"(1, 0.8192)"
/model.23/cv2.1/cv2.1.0/conv/Conv_output_0_QuantizeLinear,409600.0,4.9999999999999996e-06,0.1024,"(1, 0.1024)"
/model.23/cv2.1/cv2.1.0/conv/Conv_output_0_DequantizeLinear,409600.0,4.9999999999999996e-06,0.4096,"(1, 0.4096)","(1, 0.4096)"
/model.23/cv2.1/cv2.1.0/act/Sigmoid,6553600.0,0,0.4096,"(1, 0.4096)"
/model.23/cv2.1/cv2.1.0/act/Mul,204800.0,0,0.4096,"(1, 0.4096)"
/model.23/cv2.1/cv2.1.0/act/Mul_output_0_QuantizeLinear,409600.0,4.9999999999999996e-06,0.1024,"(1, 0.1024)"
/model.23/cv2.1/cv2.1.0/act/Mul_output_0_DequantizeLinear,409600.0,4.9999999999999996e-06,0.4096,"(1, 0.4096)"
/model.23/cv2.1/cv2.1.1/conv/Conv,118169600.0,0,0.4096,"(1, 0.4096)"
/model.23/cv2.1/cv2.1.1/conv/Conv_output_0_QuantizeLinear,409600.0,4.9999999999999996e-06,0.1024,"(1, 0.1024)"
/model.23/cv2.1/cv2.1.1/conv/Conv_output_0_DequantizeLinear,409600.0,4.9999999999999996e-06,0.4096,"(1, 0.4096)","(1, 0.4096)"
/model.23/cv2.1/cv2.1.1/act/Sigmoid,6553600.0,0,0.4096,"(1, 0.4096)"
/model.23/cv2.1/cv2.1.1/act/Mul,204800.0,0,0.4096,"(1, 0.4096)"
/model.23/cv2.1/cv2.1.1/act/Mul_output_0_QuantizeLinear,409600.0,4.9999999999999996e-06,0.1024,"(1, 0.1024)"
/model.23/cv2.1/cv2.1.1/act/Mul_output_0_DequantizeLinear,409600.0,4.9999999999999996e-06,0.4096,"(1, 0.4096)"
/model.23/cv2.1/cv2.1.2/Conv,13312000.0,0,0.4096,"(1, 0.4096)"
/model.23/cv2.1/cv2.1.2/Conv_output_0_QuantizeLinear,409600.0,4.9999999999999996e-06,0.1024,"(1, 0.1024)"
/model.23/cv2.1/cv2.1.2/Conv_output_0_DequantizeLinear,409600.0,4.9999999999999996e-06,0.4096,"(1, 0.4096)"
/model.23/cv2.1/cv2.1.1/act/Sigmoid_output_0_QuantizeLinear,409600.0,4.9999999999999996e-06,0.1024,"(1, 0.1024)"
/model.23/cv2.1/cv2.1.1/act/Sigmoid_output_0_DequantizeLinear,409600.0,4.9999999999999996e-06,0.4096,"(1, 0.4096)"
/model.23/cv2.1/cv2.1.0/act/Sigmoid_output_0_QuantizeLinear,409600.0,4.9999999999999996e-06,0.1024,"(1, 0.1024)"
/model.23/cv2.1/cv2.1.0/act/Sigmoid_output_0_DequantizeLinear,409600.0,4.9999999999999996e-06,0.4096,"(1, 0.4096)"
/model.23/cv4.1/cv4.1.0/conv/Conv_output_0_QuantizeLinear,204800.0,4.9999999999999996e-06,0.0512,"(1, 0.0512)"
/model.23/cv4.1/cv4.1.0/conv/Conv_output_0_DequantizeLinear,204800.0,4.9999999999999996e-06,0.2048,"(1, 0.2048)","(1, 0.2048)"
/model.23/cv4.1/cv4.1.0/act/Sigmoid,3276800.0,0,0.2048,"(1, 0.2048)"
/model.23/cv4.1/cv4.1.0/act/Mul,102400.0,0,0.2048,"(1, 0.2048)"
/model.23/cv4.1/cv4.1.0/act/Mul_output_0_QuantizeLinear,204800.0,4.9999999999999996e-06,0.0512,"(1, 0.0512)"
/model.23/cv4.1/cv4.1.0/act/Mul_output_0_DequantizeLinear,204800.0,4.9999999999999996e-06,0.2048,"(1, 0.2048)"
/model.23/cv4.1/cv4.1.1/conv/Conv,29593600.0,0,0.2048,"(1, 0.2048)"
/model.23/cv4.1/cv4.1.1/conv/Conv_output_0_QuantizeLinear,204800.0,4.9999999999999996e-06,0.0512,"(1, 0.0512)"
/model.23/cv4.1/cv4.1.1/conv/Conv_output_0_DequantizeLinear,204800.0,4.9999999999999996e-06,0.2048,"(1, 0.2048)","(1, 0.2048)"
/model.23/cv4.1/cv4.1.1/act/Sigmoid,3276800.0,0,0.2048,"(1, 0.2048)"
/model.23/cv4.1/cv4.1.1/act/Mul,102400.0,0,0.2048,"(1, 0.2048)"
/model.23/cv4.1/cv4.1.1/act/Mul_output_0_QuantizeLinear,204800.0,4.9999999999999996e-06,0.0512,"(1, 0.0512)"
/model.23/cv4.1/cv4.1.1/act/Mul_output_0_DequantizeLinear,204800.0,4.9999999999999996e-06,0.2048,"(1, 0.2048)"
/model.23/cv4.1/cv4.1.2/Conv,3379200.0,0,0.2048,"(1, 0.2048)"
/model.23/cv4.1/cv4.1.2/Conv_output_0_QuantizeLinear,204800.0,4.9999999999999996e-06,0.0512,"(1, 0.0512)"
/model.23/cv4.1/cv4.1.2/Conv_output_0_DequantizeLinear,204800.0,4.9999999999999996e-06,0.2048,"(1, 0.2048)"
/model.23/Reshape_1,0.0,2.4e-05,0.2048,"(1, 0.2048)"
/model.23/Reshape_1_output_0_QuantizeLinear,204800.0,4.9999999999999996e-06,0.0512,"(1, 0.0512)"
/model.23/Reshape_1_output_0_DequantizeLinear,204800.0,4.9999999999999996e-06,0.2048,"(1, 0.2048)"
/model.23/cv4.1/cv4.1.1/act/Sigmoid_output_0_QuantizeLinear,204800.0,4.9999999999999996e-06,0.0512,"(1, 0.0512)"
/model.23/cv4.1/cv4.1.1/act/Sigmoid_output_0_DequantizeLinear,204800.0,4.9999999999999996e-06,0.2048,"(1, 0.2048)"
/model.23/cv4.1/cv4.1.0/act/Sigmoid_output_0_QuantizeLinear,204800.0,4.9999999999999996e-06,0.0512,"(1, 0.0512)"
/model.23/cv4.1/cv4.1.0/act/Sigmoid_output_0_DequantizeLinear,204800.0,4.9999999999999996e-06,0.2048,"(1, 0.2048)"
/model.20/conv/Conv_output_0_QuantizeLinear,204800.0,4.9999999999999996e-06,0.0512,"(1, 0.0512)"
/model.20/conv/Conv_output_0_DequantizeLinear,204800.0,4.9999999999999996e-06,0.2048,"(1, 0.2048)","(1, 0.2048)"
/model.20/act/Sigmoid,3276800.0,0,0.2048,"(1, 0.2048)"
/model.20/act/Mul,102400.0,0,0.2048,"(1, 0.2048)"
/model.20/act/Mul_output_0_QuantizeLinear,204800.0,4.9999999999999996e-06,0.0512,"(1, 0.0512)"
/model.20/act/Mul_output_0_DequantizeLinear,204800.0,4.9999999999999996e-06,0.2048,"(1, 0.2048)"
/model.21/Concat,0.0,0,0.6144,"(1, 0.6144)"
/model.21/Concat_output_0_QuantizeLinear,614400.0,4.9999999999999996e-06,0.1536,"(1, 0.1536)"
/model.21/Concat_output_0_DequantizeLinear,614400.0,4.9999999999999996e-06,0.6144,"(1, 0.6144)"
/model.22/cv1/conv/Conv,78848000.0,0,0.4096,"(1, 0.4096)"
/model.22/cv1/conv/Conv_output_0_QuantizeLinear,409600.0,4.9999999999999996e-06,0.1024,"(1, 0.1024)"
/model.22/cv1/conv/Conv_output_0_DequantizeLinear,409600.0,4.9999999999999996e-06,0.4096,"(1, 0.4096)","(1, 0.4096)"
/model.22/cv1/act/Sigmoid,6553600.0,0,0.4096,"(1, 0.4096)"
/model.22/cv1/act/Mul,204800.0,0,0.4096,"(1, 0.4096)"
/model.22/cv1/act/Mul_output_0_QuantizeLinear,409600.0,4.9999999999999996e-06,0.1024,"(1, 0.1024)"
/model.22/cv1/act/Mul_output_0_DequantizeLinear,409600.0,4.9999999999999996e-06,0.4096,"(1, 0.4096)"
/model.22/Split,0.0,1.6e-05,0.4096,"(1, 0.2048)","(1, 0.2048)"
/model.22/Split_output_0_QuantizeLinear,204800.0,4.9999999999999996e-06,0.0512,"(1, 0.0512)"
/model.22/Split_output_1_QuantizeLinear,204800.0,4.9999999999999996e-06,0.0512,"(1, 0.0512)"
/model.22/Split_output_1_DequantizeLinear,204800.0,4.9999999999999996e-06,0.2048,"(1, 0.2048)","(1, 0.2048)","(1, 0.2048)"
/model.22/m.0/cv1/conv/Conv,6604800.0,0,0.1024,"(1, 0.1024)"
/model.22/m.0/cv2/conv/Conv,6604800.0,0,0.1024,"(1, 0.1024)"
/model.22/Concat,0.0,0,0.6144,"(1, 0.6144)"
/model.22/Concat_output_0_QuantizeLinear,614400.0,4.9999999999999996e-06,0.1536,"(1, 0.1536)"
/model.22/Concat_output_0_DequantizeLinear,614400.0,4.9999999999999996e-06,0.6144,"(1, 0.6144)"
/model.22/cv2/conv/Conv,78848000.0,0,0.4096,"(1, 0.4096)"
/model.22/cv2/conv/Conv_output_0_QuantizeLinear,409600.0,4.9999999999999996e-06,0.1024,"(1, 0.1024)"
/model.22/cv2/conv/Conv_output_0_DequantizeLinear,409600.0,4.9999999999999996e-06,0.4096,"(1, 0.4096)","(1, 0.4096)"
/model.22/cv2/act/Sigmoid,6553600.0,0,0.4096,"(1, 0.4096)"
/model.22/cv2/act/Mul,204800.0,0,0.4096,"(1, 0.4096)"
/model.22/cv2/act/Mul_output_0_QuantizeLinear,409600.0,4.9999999999999996e-06,0.1024,"(1, 0.1024)"
/model.22/cv2/act/Mul_output_0_DequantizeLinear,409600.0,4.9999999999999996e-06,0.4096,"(1, 0.4096)","(1, 0.4096)","(1, 0.4096)"
/model.23/cv4.2/cv4.2.0/conv/Conv,59008000.0,0,0.0512,"(1, 0.0512)"
/model.23/cv2.2/cv2.2.0/conv/Conv,118016000.0,0,0.1024,"(1, 0.1024)"
/model.23/cv3.2/cv3.2.0/cv3.2.0.0/conv/Conv,2048000.0,0,0.4096,"(1, 0.4096)"
/model.23/cv3.2/cv3.2.0/cv3.2.0.0/conv/Conv_output_0_QuantizeLinear,409600.0,4.9999999999999996e-06,0.1024,"(1, 0.1024)"
/model.23/cv3.2/cv3.2.0/cv3.2.0.0/conv/Conv_output_0_DequantizeLinear,409600.0,4.9999999999999996e-06,0.4096,"(1, 0.4096)","(1, 0.4096)"
/model.23/cv3.2/cv3.2.0/cv3.2.0.0/act/Sigmoid,6553600.0,0,0.4096,"(1, 0.4096)"
/model.23/cv3.2/cv3.2.0/cv3.2.0.0/act/Mul,204800.0,0,0.4096,"(1, 0.4096)"
/model.23/cv3.2/cv3.2.0/cv3.2.0.0/act/Mul_output_0_QuantizeLinear,409600.0,4.9999999999999996e-06,0.1024,"(1, 0.1024)"
/model.23/cv3.2/cv3.2.0/cv3.2.0.0/act/Mul_output_0_DequantizeLinear,409600.0,4.9999999999999996e-06,0.4096,"(1, 0.4096)"
/model.23/cv3.2/cv3.2.0/cv3.2.0.1/conv/Conv,16448000.0,0,0.128,"(1, 0.128)"
/model.23/cv3.2/cv3.2.0/cv3.2.0.1/conv/Conv_output_0_QuantizeLinear,128000.0,4.9999999999999996e-06,0.032,"(1, 0.032)"
/model.23/cv3.2/cv3.2.0/cv3.2.0.1/conv/Conv_output_0_DequantizeLinear,128000.0,4.9999999999999996e-06,0.128,"(1, 0.128)","(1, 0.128)"
/model.23/cv3.2/cv3.2.0/cv3.2.0.1/act/Sigmoid,2048000.0,0,0.128,"(1, 0.128)"
/model.23/cv3.2/cv3.2.0/cv3.2.0.1/act/Mul,64000.0,0,0.128,"(1, 0.128)"
/model.23/cv3.2/cv3.2.0/cv3.2.0.1/act/Mul_output_0_QuantizeLinear,128000.0,4.9999999999999996e-06,0.032,"(1, 0.032)"
/model.23/cv3.2/cv3.2.0/cv3.2.0.1/act/Mul_output_0_DequantizeLinear,128000.0,4.9999999999999996e-06,0.128,"(1, 0.128)"
/model.23/cv3.2/cv3.2.1/cv3.2.1.0/conv/Conv,640000.0,0,0.128,"(1, 0.128)"
/model.23/cv3.2/cv3.2.1/cv3.2.1.0/conv/Conv_output_0_QuantizeLinear,128000.0,4.9999999999999996e-06,0.032,"(1, 0.032)"
/model.23/cv3.2/cv3.2.1/cv3.2.1.0/conv/Conv_output_0_DequantizeLinear,128000.0,4.9999999999999996e-06,0.128,"(1, 0.128)","(1, 0.128)"
/model.23/cv3.2/cv3.2.1/cv3.2.1.0/act/Sigmoid,2048000.0,0,0.128,"(1, 0.128)"
/model.23/cv3.2/cv3.2.1/cv3.2.1.0/act/Mul,64000.0,0,0.128,"(1, 0.128)"
/model.23/cv3.2/cv3.2.1/cv3.2.1.0/act/Mul_output_0_QuantizeLinear,128000.0,4.9999999999999996e-06,0.032,"(1, 0.032)"
/model.23/cv3.2/cv3.2.1/cv3.2.1.0/act/Mul_output_0_DequantizeLinear,128000.0,4.9999999999999996e-06,0.128,"(1, 0.128)"
/model.23/cv3.2/cv3.2.1/cv3.2.1.1/conv/Conv,5184000.0,0,0.128,"(1, 0.128)"
/model.23/cv3.2/cv3.2.1/cv3.2.1.1/conv/Conv_output_0_QuantizeLinear,128000.0,4.9999999999999996e-06,0.032,"(1, 0.032)"
/model.23/cv3.2/cv3.2.1/cv3.2.1.1/conv/Conv_output_0_DequantizeLinear,128000.0,4.9999999999999996e-06,0.128,"(1, 0.128)","(1, 0.128)"
/model.23/cv3.2/cv3.2.1/cv3.2.1.1/act/Sigmoid,2048000.0,0,0.128,"(1, 0.128)"
/model.23/cv3.2/cv3.2.1/cv3.2.1.1/act/Mul,64000.0,0,0.128,"(1, 0.128)"
/model.23/cv3.2/cv3.2.1/cv3.2.1.1/act/Mul_output_0_QuantizeLinear,128000.0,4.9999999999999996e-06,0.032,"(1, 0.032)"
/model.23/cv3.2/cv3.2.1/cv3.2.1.1/act/Mul_output_0_DequantizeLinear,128000.0,4.9999999999999996e-06,0.128,"(1, 0.128)"
/model.23/cv3.2/cv3.2.2/Conv,5184000.0,0,0.128,"(1, 0.128)"
/model.23/cv3.2/cv3.2.2/Conv_output_0_QuantizeLinear,128000.0,4.9999999999999996e-06,0.032,"(1, 0.032)"
/model.23/cv3.2/cv3.2.2/Conv_output_0_DequantizeLinear,128000.0,4.9999999999999996e-06,0.128,"(1, 0.128)"
/model.23/Concat_3,0.0,0,0.2304,"(1, 0.2304)"
/model.23/Reshape_5,0.0,2.4e-05,0.2304,"(1, 0.2304)"
/model.23/cv3.2/cv3.2.1/cv3.2.1.1/act/Sigmoid_output_0_QuantizeLinear,128000.0,4.9999999999999996e-06,0.032,"(1, 0.032)"
/model.23/cv3.2/cv3.2.1/cv3.2.1.1/act/Sigmoid_output_0_DequantizeLinear,128000.0,4.9999999999999996e-06,0.128,"(1, 0.128)"
/model.23/cv3.2/cv3.2.1/cv3.2.1.0/act/Sigmoid_output_0_QuantizeLinear,128000.0,4.9999999999999996e-06,0.032,"(1, 0.032)"
/model.23/cv3.2/cv3.2.1/cv3.2.1.0/act/Sigmoid_output_0_DequantizeLinear,128000.0,4.9999999999999996e-06,0.128,"(1, 0.128)"
/model.23/cv3.2/cv3.2.0/cv3.2.0.1/act/Sigmoid_output_0_QuantizeLinear,128000.0,4.9999999999999996e-06,0.032,"(1, 0.032)"
/model.23/cv3.2/cv3.2.0/cv3.2.0.1/act/Sigmoid_output_0_DequantizeLinear,128000.0,4.9999999999999996e-06,0.128,"(1, 0.128)"
/model.23/cv3.2/cv3.2.0/cv3.2.0.0/act/Sigmoid_output_0_QuantizeLinear,409600.0,4.9999999999999996e-06,0.1024,"(1, 0.1024)"
/model.23/cv3.2/cv3.2.0/cv3.2.0.0/act/Sigmoid_output_0_DequantizeLinear,409600.0,4.9999999999999996e-06,0.4096,"(1, 0.4096)"
/model.23/cv2.2/cv2.2.0/conv/Conv_output_0_QuantizeLinear,102400.0,4.9999999999999996e-06,0.0256,"(1, 0.0256)"
/model.23/cv2.2/cv2.2.0/conv/Conv_output_0_DequantizeLinear,102400.0,4.9999999999999996e-06,0.1024,"(1, 0.1024)","(1, 0.1024)"
/model.23/cv2.2/cv2.2.0/act/Sigmoid,1638400.0,0,0.1024,"(1, 0.1024)"
/model.23/cv2.2/cv2.2.0/act/Mul,51200.0,0,0.1024,"(1, 0.1024)"
/model.23/cv2.2/cv2.2.0/act/Mul_output_0_QuantizeLinear,102400.0,4.9999999999999996e-06,0.0256,"(1, 0.0256)"
/model.23/cv2.2/cv2.2.0/act/Mul_output_0_DequantizeLinear,102400.0,4.9999999999999996e-06,0.1024,"(1, 0.1024)"
/model.23/cv2.2/cv2.2.1/conv/Conv,29542400.0,0,0.1024,"(1, 0.1024)"
/model.23/cv2.2/cv2.2.1/conv/Conv_output_0_QuantizeLinear,102400.0,4.9999999999999996e-06,0.0256,"(1, 0.0256)"
/model.23/cv2.2/cv2.2.1/conv/Conv_output_0_DequantizeLinear,102400.0,4.9999999999999996e-06,0.1024,"(1, 0.1024)","(1, 0.1024)"
/model.23/cv2.2/cv2.2.1/act/Sigmoid,1638400.0,0,0.1024,"(1, 0.1024)"
/model.23/cv2.2/cv2.2.1/act/Mul,51200.0,0,0.1024,"(1, 0.1024)"
/model.23/cv2.2/cv2.2.1/act/Mul_output_0_QuantizeLinear,102400.0,4.9999999999999996e-06,0.0256,"(1, 0.0256)"
/model.23/cv2.2/cv2.2.1/act/Mul_output_0_DequantizeLinear,102400.0,4.9999999999999996e-06,0.1024,"(1, 0.1024)"
/model.23/cv2.2/cv2.2.2/Conv,3328000.0,0,0.1024,"(1, 0.1024)"
/model.23/cv2.2/cv2.2.2/Conv_output_0_QuantizeLinear,102400.0,4.9999999999999996e-06,0.0256,"(1, 0.0256)"
/model.23/cv2.2/cv2.2.2/Conv_output_0_DequantizeLinear,102400.0,4.9999999999999996e-06,0.1024,"(1, 0.1024)"
/model.23/cv2.2/cv2.2.1/act/Sigmoid_output_0_QuantizeLinear,102400.0,4.9999999999999996e-06,0.0256,"(1, 0.0256)"
/model.23/cv2.2/cv2.2.1/act/Sigmoid_output_0_DequantizeLinear,102400.0,4.9999999999999996e-06,0.1024,"(1, 0.1024)"
/model.23/cv2.2/cv2.2.0/act/Sigmoid_output_0_QuantizeLinear,102400.0,4.9999999999999996e-06,0.0256,"(1, 0.0256)"
/model.23/cv2.2/cv2.2.0/act/Sigmoid_output_0_DequantizeLinear,102400.0,4.9999999999999996e-06,0.1024,"(1, 0.1024)"
/model.23/cv4.2/cv4.2.0/conv/Conv_output_0_QuantizeLinear,51200.0,4.9999999999999996e-06,0.0128,"(1, 0.0128)"
/model.23/cv4.2/cv4.2.0/conv/Conv_output_0_DequantizeLinear,51200.0,4.9999999999999996e-06,0.0512,"(1, 0.0512)","(1, 0.0512)"
/model.23/cv4.2/cv4.2.0/act/Sigmoid,819200.0,0,0.0512,"(1, 0.0512)"
/model.23/cv4.2/cv4.2.0/act/Mul,25600.0,0,0.0512,"(1, 0.0512)"
/model.23/cv4.2/cv4.2.0/act/Mul_output_0_QuantizeLinear,51200.0,4.9999999999999996e-06,0.0128,"(1, 0.0128)"
/model.23/cv4.2/cv4.2.0/act/Mul_output_0_DequantizeLinear,51200.0,4.9999999999999996e-06,0.0512,"(1, 0.0512)"
/model.23/cv4.2/cv4.2.1/conv/Conv,7398400.0,0,0.0512,"(1, 0.0512)"
/model.23/cv4.2/cv4.2.1/conv/Conv_output_0_QuantizeLinear,51200.0,4.9999999999999996e-06,0.0128,"(1, 0.0128)"
/model.23/cv4.2/cv4.2.1/conv/Conv_output_0_DequantizeLinear,51200.0,4.9999999999999996e-06,0.0512,"(1, 0.0512)","(1, 0.0512)"
/model.23/cv4.2/cv4.2.1/act/Sigmoid,819200.0,0,0.0512,"(1, 0.0512)"
/model.23/cv4.2/cv4.2.1/act/Mul,25600.0,0,0.0512,"(1, 0.0512)"
/model.23/cv4.2/cv4.2.1/act/Mul_output_0_QuantizeLinear,51200.0,4.9999999999999996e-06,0.0128,"(1, 0.0128)"
/model.23/cv4.2/cv4.2.1/act/Mul_output_0_DequantizeLinear,51200.0,4.9999999999999996e-06,0.0512,"(1, 0.0512)"
/model.23/cv4.2/cv4.2.2/Conv,844800.0,0,0.0512,"(1, 0.0512)"
/model.23/cv4.2/cv4.2.2/Conv_output_0_QuantizeLinear,51200.0,4.9999999999999996e-06,0.0128,"(1, 0.0128)"
/model.23/cv4.2/cv4.2.2/Conv_output_0_DequantizeLinear,51200.0,4.9999999999999996e-06,0.0512,"(1, 0.0512)"
/model.23/Reshape_2,0.0,2.4e-05,0.0512,"(1, 0.0512)"
/model.23/Reshape_2_output_0_QuantizeLinear,51200.0,4.9999999999999996e-06,0.0128,"(1, 0.0128)"
/model.23/Reshape_2_output_0_DequantizeLinear,51200.0,4.9999999999999996e-06,0.0512,"(1, 0.0512)"
/model.23/cv4.2/cv4.2.1/act/Sigmoid_output_0_QuantizeLinear,51200.0,4.9999999999999996e-06,0.0128,"(1, 0.0128)"
/model.23/cv4.2/cv4.2.1/act/Sigmoid_output_0_DequantizeLinear,51200.0,4.9999999999999996e-06,0.0512,"(1, 0.0512)"
/model.23/cv4.2/cv4.2.0/act/Sigmoid_output_0_QuantizeLinear,51200.0,4.9999999999999996e-06,0.0128,"(1, 0.0128)"
/model.23/cv4.2/cv4.2.0/act/Sigmoid_output_0_DequantizeLinear,51200.0,4.9999999999999996e-06,0.0512,"(1, 0.0512)"
/model.22/cv2/act/Sigmoid_output_0_QuantizeLinear,409600.0,4.9999999999999996e-06,0.1024,"(1, 0.1024)"
/model.22/cv2/act/Sigmoid_output_0_DequantizeLinear,409600.0,4.9999999999999996e-06,0.4096,"(1, 0.4096)"
/model.22/m.0/cv2/conv/Conv_output_0_QuantizeLinear,102400.0,4.9999999999999996e-06,0.0256,"(1, 0.0256)"
/model.22/m.0/cv2/conv/Conv_output_0_DequantizeLinear,102400.0,4.9999999999999996e-06,0.1024,"(1, 0.1024)","(1, 0.1024)"
/model.22/m.0/cv2/act/Sigmoid,1638400.0,0,0.1024,"(1, 0.1024)"
/model.22/m.0/cv2/act/Mul,51200.0,0,0.1024,"(1, 0.1024)"
/model.22/m.0/cv2/act/Mul_output_0_QuantizeLinear,102400.0,4.9999999999999996e-06,0.0256,"(1, 0.0256)"
/model.22/m.0/cv2/act/Mul_output_0_DequantizeLinear,102400.0,4.9999999999999996e-06,0.1024,"(1, 0.1024)"
/model.22/m.0/Concat,0.0,0,0.2048,"(1, 0.2048)"
/model.22/m.0/Concat_output_0_QuantizeLinear,204800.0,4.9999999999999996e-06,0.0512,"(1, 0.0512)"
/model.22/m.0/Concat_output_0_DequantizeLinear,204800.0,4.9999999999999996e-06,0.2048,"(1, 0.2048)"
/model.22/m.0/cv3/conv/Conv,13209600.0,0,0.2048,"(1, 0.2048)"
/model.22/m.0/cv3/conv/Conv_output_0_QuantizeLinear,204800.0,4.9999999999999996e-06,0.0512,"(1, 0.0512)"
/model.22/m.0/cv3/conv/Conv_output_0_DequantizeLinear,204800.0,4.9999999999999996e-06,0.2048,"(1, 0.2048)","(1, 0.2048)"
/model.22/m.0/cv3/act/Sigmoid,3276800.0,0,0.2048,"(1, 0.2048)"
/model.22/m.0/cv3/act/Mul,102400.0,0,0.2048,"(1, 0.2048)"
/model.22/m.0/cv3/act/Mul_output_0_QuantizeLinear,204800.0,4.9999999999999996e-06,0.0512,"(1, 0.0512)"
/model.22/m.0/cv3/act/Mul_output_0_DequantizeLinear,204800.0,4.9999999999999996e-06,0.2048,"(1, 0.2048)"
/model.22/m.0/cv3/act/Sigmoid_output_0_QuantizeLinear,204800.0,4.9999999999999996e-06,0.0512,"(1, 0.0512)"
/model.22/m.0/cv3/act/Sigmoid_output_0_DequantizeLinear,204800.0,4.9999999999999996e-06,0.2048,"(1, 0.2048)"
/model.22/m.0/cv2/act/Sigmoid_output_0_QuantizeLinear,102400.0,4.9999999999999996e-06,0.0256,"(1, 0.0256)"
/model.22/m.0/cv2/act/Sigmoid_output_0_DequantizeLinear,102400.0,4.9999999999999996e-06,0.1024,"(1, 0.1024)"
/model.22/m.0/cv1/conv/Conv_output_0_QuantizeLinear,102400.0,4.9999999999999996e-06,0.0256,"(1, 0.0256)"
/model.22/m.0/cv1/conv/Conv_output_0_DequantizeLinear,102400.0,4.9999999999999996e-06,0.1024,"(1, 0.1024)","(1, 0.1024)"
/model.22/m.0/cv1/act/Sigmoid,1638400.0,0,0.1024,"(1, 0.1024)"
/model.22/m.0/cv1/act/Mul,51200.0,0,0.1024,"(1, 0.1024)"
/model.22/m.0/cv1/act/Mul_output_0_QuantizeLinear,102400.0,4.9999999999999996e-06,0.0256,"(1, 0.0256)"
/model.22/m.0/cv1/act/Mul_output_0_DequantizeLinear,102400.0,4.9999999999999996e-06,0.1024,"(1, 0.1024)","(1, 0.1024)"
/model.22/m.0/m/m.0/cv1/conv/Conv,29542400.0,0,0.1024,"(1, 0.1024)"
/model.22/m.0/m/m.0/Add,51200.0,0,0.1024,"(1, 0.1024)"
/model.22/m.0/m/m.0/Add_output_0_QuantizeLinear,102400.0,4.9999999999999996e-06,0.0256,"(1, 0.0256)"
/model.22/m.0/m/m.0/Add_output_0_DequantizeLinear,102400.0,4.9999999999999996e-06,0.1024,"(1, 0.1024)","(1, 0.1024)"
/model.22/m.0/m/m.1/cv1/conv/Conv,29542400.0,0,0.1024,"(1, 0.1024)"
/model.22/m.0/m/m.1/Add,51200.0,0,0.1024,"(1, 0.1024)"
/model.22/m.0/m/m.1/Add_output_0_QuantizeLinear,102400.0,4.9999999999999996e-06,0.0256,"(1, 0.0256)"
/model.22/m.0/m/m.1/Add_output_0_DequantizeLinear,102400.0,4.9999999999999996e-06,0.1024,"(1, 0.1024)"
/model.22/m.0/m/m.1/cv1/conv/Conv_output_0_QuantizeLinear,102400.0,4.9999999999999996e-06,0.0256,"(1, 0.0256)"
/model.22/m.0/m/m.1/cv1/conv/Conv_output_0_DequantizeLinear,102400.0,4.9999999999999996e-06,0.1024,"(1, 0.1024)","(1, 0.1024)"
/model.22/m.0/m/m.1/cv1/act/Sigmoid,1638400.0,0,0.1024,"(1, 0.1024)"
/model.22/m.0/m/m.1/cv1/act/Mul,51200.0,0,0.1024,"(1, 0.1024)"
/model.22/m.0/m/m.1/cv1/act/Mul_output_0_QuantizeLinear,102400.0,4.9999999999999996e-06,0.0256,"(1, 0.0256)"
/model.22/m.0/m/m.1/cv1/act/Mul_output_0_DequantizeLinear,102400.0,4.9999999999999996e-06,0.1024,"(1, 0.1024)"
/model.22/m.0/m/m.1/cv2/conv/Conv,29542400.0,0,0.1024,"(1, 0.1024)"
/model.22/m.0/m/m.1/cv2/conv/Conv_output_0_QuantizeLinear,102400.0,4.9999999999999996e-06,0.0256,"(1, 0.0256)"
/model.22/m.0/m/m.1/cv2/conv/Conv_output_0_DequantizeLinear,102400.0,4.9999999999999996e-06,0.1024,"(1, 0.1024)","(1, 0.1024)"
/model.22/m.0/m/m.1/cv2/act/Sigmoid,1638400.0,0,0.1024,"(1, 0.1024)"
/model.22/m.0/m/m.1/cv2/act/Mul,51200.0,0,0.1024,"(1, 0.1024)"
/model.22/m.0/m/m.1/cv2/act/Mul_output_0_QuantizeLinear,102400.0,4.9999999999999996e-06,0.0256,"(1, 0.0256)"
/model.22/m.0/m/m.1/cv2/act/Mul_output_0_DequantizeLinear,102400.0,4.9999999999999996e-06,0.1024,"(1, 0.1024)"
/model.22/m.0/m/m.1/cv2/act/Sigmoid_output_0_QuantizeLinear,102400.0,4.9999999999999996e-06,0.0256,"(1, 0.0256)"
/model.22/m.0/m/m.1/cv2/act/Sigmoid_output_0_DequantizeLinear,102400.0,4.9999999999999996e-06,0.1024,"(1, 0.1024)"
/model.22/m.0/m/m.1/cv1/act/Sigmoid_output_0_QuantizeLinear,102400.0,4.9999999999999996e-06,0.0256,"(1, 0.0256)"
/model.22/m.0/m/m.1/cv1/act/Sigmoid_output_0_DequantizeLinear,102400.0,4.9999999999999996e-06,0.1024,"(1, 0.1024)"
/model.22/m.0/m/m.0/cv1/conv/Conv_output_0_QuantizeLinear,102400.0,4.9999999999999996e-06,0.0256,"(1, 0.0256)"
/model.22/m.0/m/m.0/cv1/conv/Conv_output_0_DequantizeLinear,102400.0,4.9999999999999996e-06,0.1024,"(1, 0.1024)","(1, 0.1024)"
/model.22/m.0/m/m.0/cv1/act/Sigmoid,1638400.0,0,0.1024,"(1, 0.1024)"
/model.22/m.0/m/m.0/cv1/act/Mul,51200.0,0,0.1024,"(1, 0.1024)"
/model.22/m.0/m/m.0/cv1/act/Mul_output_0_QuantizeLinear,102400.0,4.9999999999999996e-06,0.0256,"(1, 0.0256)"
/model.22/m.0/m/m.0/cv1/act/Mul_output_0_DequantizeLinear,102400.0,4.9999999999999996e-06,0.1024,"(1, 0.1024)"
/model.22/m.0/m/m.0/cv2/conv/Conv,29542400.0,0,0.1024,"(1, 0.1024)"
/model.22/m.0/m/m.0/cv2/conv/Conv_output_0_QuantizeLinear,102400.0,4.9999999999999996e-06,0.0256,"(1, 0.0256)"
/model.22/m.0/m/m.0/cv2/conv/Conv_output_0_DequantizeLinear,102400.0,4.9999999999999996e-06,0.1024,"(1, 0.1024)","(1, 0.1024)"
/model.22/m.0/m/m.0/cv2/act/Sigmoid,1638400.0,0,0.1024,"(1, 0.1024)"
/model.22/m.0/m/m.0/cv2/act/Mul,51200.0,0,0.1024,"(1, 0.1024)"
/model.22/m.0/m/m.0/cv2/act/Mul_output_0_QuantizeLinear,102400.0,4.9999999999999996e-06,0.0256,"(1, 0.0256)"
/model.22/m.0/m/m.0/cv2/act/Mul_output_0_DequantizeLinear,102400.0,4.9999999999999996e-06,0.1024,"(1, 0.1024)"
/model.22/m.0/m/m.0/cv2/act/Sigmoid_output_0_QuantizeLinear,102400.0,4.9999999999999996e-06,0.0256,"(1, 0.0256)"
/model.22/m.0/m/m.0/cv2/act/Sigmoid_output_0_DequantizeLinear,102400.0,4.9999999999999996e-06,0.1024,"(1, 0.1024)"
/model.22/m.0/m/m.0/cv1/act/Sigmoid_output_0_QuantizeLinear,102400.0,4.9999999999999996e-06,0.0256,"(1, 0.0256)"
/model.22/m.0/m/m.0/cv1/act/Sigmoid_output_0_DequantizeLinear,102400.0,4.9999999999999996e-06,0.1024,"(1, 0.1024)"
/model.22/m.0/cv1/act/Sigmoid_output_0_QuantizeLinear,102400.0,4.9999999999999996e-06,0.0256,"(1, 0.0256)"
/model.22/m.0/cv1/act/Sigmoid_output_0_DequantizeLinear,102400.0,4.9999999999999996e-06,0.1024,"(1, 0.1024)"
/model.22/Split_output_0_DequantizeLinear,204800.0,4.9999999999999996e-06,0.2048,"(1, 0.2048)"
/model.22/cv1/act/Sigmoid_output_0_QuantizeLinear,409600.0,4.9999999999999996e-06,0.1024,"(1, 0.1024)"
/model.22/cv1/act/Sigmoid_output_0_DequantizeLinear,409600.0,4.9999999999999996e-06,0.4096,"(1, 0.4096)"
/model.20/act/Sigmoid_output_0_QuantizeLinear,204800.0,4.9999999999999996e-06,0.0512,"(1, 0.0512)"
/model.20/act/Sigmoid_output_0_DequantizeLinear,204800.0,4.9999999999999996e-06,0.2048,"(1, 0.2048)"
/model.19/cv2/act/Sigmoid_output_0_QuantizeLinear,819200.0,4.9999999999999996e-06,0.2048,"(1, 0.2048)"
/model.19/cv2/act/Sigmoid_output_0_DequantizeLinear,819200.0,4.9999999999999996e-06,0.8192,"(1, 0.8192)"
/model.19/m.0/Add_output_0_QuantizeLinear,409600.0,4.9999999999999996e-06,0.1024,"(1, 0.1024)"
/model.19/m.0/Add_output_0_DequantizeLinear,409600.0,4.9999999999999996e-06,0.4096,"(1, 0.4096)"
/model.19/m.0/cv1/conv/Conv_output_0_QuantizeLinear,204800.0,4.9999999999999996e-06,0.0512,"(1, 0.0512)"
/model.19/m.0/cv1/conv/Conv_output_0_DequantizeLinear,204800.0,4.9999999999999996e-06,0.2048,"(1, 0.2048)","(1, 0.2048)"
/model.19/m.0/cv1/act/Sigmoid,3276800.0,0,0.2048,"(1, 0.2048)"
/model.19/m.0/cv1/act/Mul,102400.0,0,0.2048,"(1, 0.2048)"
/model.19/m.0/cv1/act/Mul_output_0_QuantizeLinear,204800.0,4.9999999999999996e-06,0.0512,"(1, 0.0512)"
/model.19/m.0/cv1/act/Mul_output_0_DequantizeLinear,204800.0,4.9999999999999996e-06,0.2048,"(1, 0.2048)"
/model.19/m.0/cv2/conv/Conv,59187200.0,0,0.4096,"(1, 0.4096)"
/model.19/m.0/cv2/conv/Conv_output_0_QuantizeLinear,409600.0,4.9999999999999996e-06,0.1024,"(1, 0.1024)"
/model.19/m.0/cv2/conv/Conv_output_0_DequantizeLinear,409600.0,4.9999999999999996e-06,0.4096,"(1, 0.4096)","(1, 0.4096)"
/model.19/m.0/cv2/act/Sigmoid,6553600.0,0,0.4096,"(1, 0.4096)"
/model.19/m.0/cv2/act/Mul,204800.0,0,0.4096,"(1, 0.4096)"
/model.19/m.0/cv2/act/Mul_output_0_QuantizeLinear,409600.0,4.9999999999999996e-06,0.1024,"(1, 0.1024)"
/model.19/m.0/cv2/act/Mul_output_0_DequantizeLinear,409600.0,4.9999999999999996e-06,0.4096,"(1, 0.4096)"
/model.19/m.0/cv2/act/Sigmoid_output_0_QuantizeLinear,409600.0,4.9999999999999996e-06,0.1024,"(1, 0.1024)"
/model.19/m.0/cv2/act/Sigmoid_output_0_DequantizeLinear,409600.0,4.9999999999999996e-06,0.4096,"(1, 0.4096)"
/model.19/m.0/cv1/act/Sigmoid_output_0_QuantizeLinear,204800.0,4.9999999999999996e-06,0.0512,"(1, 0.0512)"
/model.19/m.0/cv1/act/Sigmoid_output_0_DequantizeLinear,204800.0,4.9999999999999996e-06,0.2048,"(1, 0.2048)"
/model.19/Split_output_0_DequantizeLinear,409600.0,4.9999999999999996e-06,0.4096,"(1, 0.4096)"
/model.19/cv1/act/Sigmoid_output_0_QuantizeLinear,819200.0,4.9999999999999996e-06,0.2048,"(1, 0.2048)"
/model.19/cv1/act/Sigmoid_output_0_DequantizeLinear,819200.0,4.9999999999999996e-06,0.8192,"(1, 0.8192)"
/model.17/act/Sigmoid_output_0_QuantizeLinear,409600.0,4.9999999999999996e-06,0.1024,"(1, 0.1024)"
/model.17/act/Sigmoid_output_0_DequantizeLinear,409600.0,4.9999999999999996e-06,0.4096,"(1, 0.4096)"
/model.16/cv2/act/Sigmoid_output_0_QuantizeLinear,1638400.0,4.9999999999999996e-06,0.4096,"(1, 0.4096)"
/model.16/cv2/act/Sigmoid_output_0_DequantizeLinear,1638400.0,4.9999999999999996e-06,1.6384,"(1, 1.6384)"
/model.16/m.0/Add_output_0_QuantizeLinear,819200.0,4.9999999999999996e-06,0.2048,"(1, 0.2048)"
/model.16/m.0/Add_output_0_DequantizeLinear,819200.0,4.9999999999999996e-06,0.8192,"(1, 0.8192)"
/model.16/m.0/cv1/conv/Conv_output_0_QuantizeLinear,409600.0,4.9999999999999996e-06,0.1024,"(1, 0.1024)"
/model.16/m.0/cv1/conv/Conv_output_0_DequantizeLinear,409600.0,4.9999999999999996e-06,0.4096,"(1, 0.4096)","(1, 0.4096)"
/model.16/m.0/cv1/act/Sigmoid,6553600.0,0,0.4096,"(1, 0.4096)"
/model.16/m.0/cv1/act/Mul,204800.0,0,0.4096,"(1, 0.4096)"
/model.16/m.0/cv1/act/Mul_output_0_QuantizeLinear,409600.0,4.9999999999999996e-06,0.1024,"(1, 0.1024)"
/model.16/m.0/cv1/act/Mul_output_0_DequantizeLinear,409600.0,4.9999999999999996e-06,0.4096,"(1, 0.4096)"
/model.16/m.0/cv2/conv/Conv,59392000.0,0,0.8192,"(1, 0.8192)"
/model.16/m.0/cv2/conv/Conv_output_0_QuantizeLinear,819200.0,4.9999999999999996e-06,0.2048,"(1, 0.2048)"
/model.16/m.0/cv2/conv/Conv_output_0_DequantizeLinear,819200.0,4.9999999999999996e-06,0.8192,"(1, 0.8192)","(1, 0.8192)"
/model.16/m.0/cv2/act/Sigmoid,13107200.0,0,0.8192,"(1, 0.8192)"
/model.16/m.0/cv2/act/Mul,409600.0,0,0.8192,"(1, 0.8192)"
/model.16/m.0/cv2/act/Mul_output_0_QuantizeLinear,819200.0,4.9999999999999996e-06,0.2048,"(1, 0.2048)"
/model.16/m.0/cv2/act/Mul_output_0_DequantizeLinear,819200.0,4.9999999999999996e-06,0.8192,"(1, 0.8192)"
/model.16/m.0/cv2/act/Sigmoid_output_0_QuantizeLinear,819200.0,4.9999999999999996e-06,0.2048,"(1, 0.2048)"
/model.16/m.0/cv2/act/Sigmoid_output_0_DequantizeLinear,819200.0,4.9999999999999996e-06,0.8192,"(1, 0.8192)"
/model.16/m.0/cv1/act/Sigmoid_output_0_QuantizeLinear,409600.0,4.9999999999999996e-06,0.1024,"(1, 0.1024)"
/model.16/m.0/cv1/act/Sigmoid_output_0_DequantizeLinear,409600.0,4.9999999999999996e-06,0.4096,"(1, 0.4096)"
/model.16/Split_output_0_DequantizeLinear,819200.0,4.9999999999999996e-06,0.8192,"(1, 0.8192)"
/model.16/cv1/act/Sigmoid_output_0_QuantizeLinear,1638400.0,4.9999999999999996e-06,0.4096,"(1, 0.4096)"
/model.16/cv1/act/Sigmoid_output_0_DequantizeLinear,1638400.0,4.9999999999999996e-06,1.6384,"(1, 1.6384)"
/model.5/conv/Conv_output_0_QuantizeLinear,819200.0,4.9999999999999996e-06,0.2048,"(1, 0.2048)"
/model.5/conv/Conv_output_0_DequantizeLinear,819200.0,4.9999999999999996e-06,0.8192,"(1, 0.8192)","(1, 0.8192)"
/model.5/act/Sigmoid,13107200.0,0,0.8192,"(1, 0.8192)"
/model.5/act/Mul,409600.0,0,0.8192,"(1, 0.8192)"
/model.5/act/Mul_output_0_QuantizeLinear,819200.0,4.9999999999999996e-06,0.2048,"(1, 0.2048)"
/model.5/act/Mul_output_0_DequantizeLinear,819200.0,4.9999999999999996e-06,0.8192,"(1, 0.8192)"
/model.6/cv1/conv/Conv,52838400.0,0,0.8192,"(1, 0.8192)"
/model.6/cv1/conv/Conv_output_0_QuantizeLinear,819200.0,4.9999999999999996e-06,0.2048,"(1, 0.2048)"
/model.6/cv1/conv/Conv_output_0_DequantizeLinear,819200.0,4.9999999999999996e-06,0.8192,"(1, 0.8192)","(1, 0.8192)"
/model.6/cv1/act/Sigmoid,13107200.0,0,0.8192,"(1, 0.8192)"
/model.6/cv1/act/Mul,409600.0,0,0.8192,"(1, 0.8192)"
/model.6/cv1/act/Mul_output_0_QuantizeLinear,819200.0,4.9999999999999996e-06,0.2048,"(1, 0.2048)"
/model.6/cv1/act/Mul_output_0_DequantizeLinear,819200.0,4.9999999999999996e-06,0.8192,"(1, 0.8192)"
/model.6/Split,0.0,1.6e-05,0.8192,"(1, 0.4096)","(1, 0.4096)"
/model.6/Split_output_0_QuantizeLinear,409600.0,4.9999999999999996e-06,0.1024,"(1, 0.1024)"
/model.6/Split_output_1_QuantizeLinear,409600.0,4.9999999999999996e-06,0.1024,"(1, 0.1024)"
/model.6/Split_output_1_DequantizeLinear,409600.0,4.9999999999999996e-06,0.4096,"(1, 0.4096)","(1, 0.4096)","(1, 0.4096)"
/model.6/m.0/cv1/conv/Conv,6656000.0,0,0.2048,"(1, 0.2048)"
/model.6/m.0/cv2/conv/Conv,6656000.0,0,0.2048,"(1, 0.2048)"
/model.6/Concat,0.0,0,1.2288,"(1, 1.2288)"
/model.6/Concat_output_0_QuantizeLinear,1228800.0,4.9999999999999996e-06,0.3072,"(1, 0.3072)"
/model.6/Concat_output_0_DequantizeLinear,1228800.0,4.9999999999999996e-06,1.2288,"(1, 1.2288)"
/model.6/cv2/conv/Conv,79052800.0,0,0.8192,"(1, 0.8192)"
/model.6/cv2/conv/Conv_output_0_QuantizeLinear,819200.0,4.9999999999999996e-06,0.2048,"(1, 0.2048)"
/model.6/cv2/conv/Conv_output_0_DequantizeLinear,819200.0,4.9999999999999996e-06,0.8192,"(1, 0.8192)","(1, 0.8192)"
/model.6/cv2/act/Sigmoid,13107200.0,0,0.8192,"(1, 0.8192)"
/model.6/cv2/act/Mul,409600.0,0,0.8192,"(1, 0.8192)"
/model.6/cv2/act/Mul_output_0_QuantizeLinear,819200.0,4.9999999999999996e-06,0.2048,"(1, 0.2048)"
/model.6/cv2/act/Mul_output_0_DequantizeLinear,819200.0,4.9999999999999996e-06,0.8192,"(1, 0.8192)","(1, 0.8192)"
/model.7/conv/Conv,236134400.0,0,0.4096,"(1, 0.4096)"
/model.12/Concat,0.0,0,2.4576,"(1, 2.4576)"
/model.12/Concat_output_0_QuantizeLinear,2457600.0,4.9999999999999996e-06,0.6144,"(1, 0.6144)"
/model.12/Concat_output_0_DequantizeLinear,2457600.0,4.9999999999999996e-06,2.4576,"(1, 2.4576)"
/model.13/cv1/conv/Conv,157696000.0,0,0.8192,"(1, 0.8192)"
/model.13/cv1/conv/Conv_output_0_QuantizeLinear,819200.0,4.9999999999999996e-06,0.2048,"(1, 0.2048)"
/model.13/cv1/conv/Conv_output_0_DequantizeLinear,819200.0,4.9999999999999996e-06,0.8192,"(1, 0.8192)","(1, 0.8192)"
/model.13/cv1/act/Sigmoid,13107200.0,0,0.8192,"(1, 0.8192)"
/model.13/cv1/act/Mul,409600.0,0,0.8192,"(1, 0.8192)"
/model.13/cv1/act/Mul_output_0_QuantizeLinear,819200.0,4.9999999999999996e-06,0.2048,"(1, 0.2048)"
/model.13/cv1/act/Mul_output_0_DequantizeLinear,819200.0,4.9999999999999996e-06,0.8192,"(1, 0.8192)"
/model.13/Split,0.0,1.6e-05,0.8192,"(1, 0.4096)","(1, 0.4096)"
/model.13/Split_output_0_QuantizeLinear,409600.0,4.9999999999999996e-06,0.1024,"(1, 0.1024)"
/model.13/Split_output_1_QuantizeLinear,409600.0,4.9999999999999996e-06,0.1024,"(1, 0.1024)"
/model.13/Split_output_1_DequantizeLinear,409600.0,4.9999999999999996e-06,0.4096,"(1, 0.4096)","(1, 0.4096)","(1, 0.4096)"
/model.13/m.0/cv1/conv/Conv,59084800.0,0,0.2048,"(1, 0.2048)"
/model.13/m.0/Add,204800.0,0,0.4096,"(1, 0.4096)"
/model.13/Concat,0.0,0,1.2288,"(1, 1.2288)"
/model.13/Concat_output_0_QuantizeLinear,1228800.0,4.9999999999999996e-06,0.3072,"(1, 0.3072)"
/model.13/Concat_output_0_DequantizeLinear,1228800.0,4.9999999999999996e-06,1.2288,"(1, 1.2288)"
/model.13/cv2/conv/Conv,79052800.0,0,0.8192,"(1, 0.8192)"
/model.13/cv2/conv/Conv_output_0_QuantizeLinear,819200.0,4.9999999999999996e-06,0.2048,"(1, 0.2048)"
/model.13/cv2/conv/Conv_output_0_DequantizeLinear,819200.0,4.9999999999999996e-06,0.8192,"(1, 0.8192)","(1, 0.8192)"
/model.13/cv2/act/Sigmoid,13107200.0,0,0.8192,"(1, 0.8192)"
/model.13/cv2/act/Mul,409600.0,0,0.8192,"(1, 0.8192)"
/model.13/cv2/act/Mul_output_0_QuantizeLinear,819200.0,4.9999999999999996e-06,0.2048,"(1, 0.2048)"
/model.13/cv2/act/Mul_output_0_DequantizeLinear,819200.0,4.9999999999999996e-06,0.8192,"(1, 0.8192)","(1, 0.8192)"
/model.14/Resize,0.0,1.6e-05,3.2768,"(1, 3.2768)"
/model.14/Resize_output_0_QuantizeLinear,3276800.0,4.9999999999999996e-06,0.8192,"(1, 0.8192)"
/model.14/Resize_output_0_DequantizeLinear,3276800.0,4.9999999999999996e-06,3.2768,"(1, 3.2768)"
/model.13/cv2/act/Sigmoid_output_0_QuantizeLinear,819200.0,4.9999999999999996e-06,0.2048,"(1, 0.2048)"
/model.13/cv2/act/Sigmoid_output_0_DequantizeLinear,819200.0,4.9999999999999996e-06,0.8192,"(1, 0.8192)"
/model.13/m.0/Add_output_0_QuantizeLinear,409600.0,4.9999999999999996e-06,0.1024,"(1, 0.1024)"
/model.13/m.0/Add_output_0_DequantizeLinear,409600.0,4.9999999999999996e-06,0.4096,"(1, 0.4096)"
/model.13/m.0/cv1/conv/Conv_output_0_QuantizeLinear,204800.0,4.9999999999999996e-06,0.0512,"(1, 0.0512)"
/model.13/m.0/cv1/conv/Conv_output_0_DequantizeLinear,204800.0,4.9999999999999996e-06,0.2048,"(1, 0.2048)","(1, 0.2048)"
/model.13/m.0/cv1/act/Sigmoid,3276800.0,0,0.2048,"(1, 0.2048)"
/model.13/m.0/cv1/act/Mul,102400.0,0,0.2048,"(1, 0.2048)"
/model.13/m.0/cv1/act/Mul_output_0_QuantizeLinear,204800.0,4.9999999999999996e-06,0.0512,"(1, 0.0512)"
/model.13/m.0/cv1/act/Mul_output_0_DequantizeLinear,204800.0,4.9999999999999996e-06,0.2048,"(1, 0.2048)"
/model.13/m.0/cv2/conv/Conv,59187200.0,0,0.4096,"(1, 0.4096)"
/model.13/m.0/cv2/conv/Conv_output_0_QuantizeLinear,409600.0,4.9999999999999996e-06,0.1024,"(1, 0.1024)"
/model.13/m.0/cv2/conv/Conv_output_0_DequantizeLinear,409600.0,4.9999999999999996e-06,0.4096,"(1, 0.4096)","(1, 0.4096)"
/model.13/m.0/cv2/act/Sigmoid,6553600.0,0,0.4096,"(1, 0.4096)"
/model.13/m.0/cv2/act/Mul,204800.0,0,0.4096,"(1, 0.4096)"
/model.13/m.0/cv2/act/Mul_output_0_QuantizeLinear,409600.0,4.9999999999999996e-06,0.1024,"(1, 0.1024)"
/model.13/m.0/cv2/act/Mul_output_0_DequantizeLinear,409600.0,4.9999999999999996e-06,0.4096,"(1, 0.4096)"
/model.13/m.0/cv2/act/Sigmoid_output_0_QuantizeLinear,409600.0,4.9999999999999996e-06,0.1024,"(1, 0.1024)"
/model.13/m.0/cv2/act/Sigmoid_output_0_DequantizeLinear,409600.0,4.9999999999999996e-06,0.4096,"(1, 0.4096)"
/model.13/m.0/cv1/act/Sigmoid_output_0_QuantizeLinear,204800.0,4.9999999999999996e-06,0.0512,"(1, 0.0512)"
/model.13/m.0/cv1/act/Sigmoid_output_0_DequantizeLinear,204800.0,4.9999999999999996e-06,0.2048,"(1, 0.2048)"
/model.13/Split_output_0_DequantizeLinear,409600.0,4.9999999999999996e-06,0.4096,"(1, 0.4096)"
/model.13/cv1/act/Sigmoid_output_0_QuantizeLinear,819200.0,4.9999999999999996e-06,0.2048,"(1, 0.2048)"
/model.13/cv1/act/Sigmoid_output_0_DequantizeLinear,819200.0,4.9999999999999996e-06,0.8192,"(1, 0.8192)"
/model.7/conv/Conv_output_0_QuantizeLinear,409600.0,4.9999999999999996e-06,0.1024,"(1, 0.1024)"
/model.7/conv/Conv_output_0_DequantizeLinear,409600.0,4.9999999999999996e-06,0.4096,"(1, 0.4096)","(1, 0.4096)"
/model.7/act/Sigmoid,6553600.0,0,0.4096,"(1, 0.4096)"
/model.7/act/Mul,204800.0,0,0.4096,"(1, 0.4096)"
/model.7/act/Mul_output_0_QuantizeLinear,409600.0,4.9999999999999996e-06,0.1024,"(1, 0.1024)"
/model.7/act/Mul_output_0_DequantizeLinear,409600.0,4.9999999999999996e-06,0.4096,"(1, 0.4096)"
/model.8/cv1/conv/Conv,52633600.0,0,0.4096,"(1, 0.4096)"
/model.8/cv1/conv/Conv_output_0_QuantizeLinear,409600.0,4.9999999999999996e-06,0.1024,"(1, 0.1024)"
/model.8/cv1/conv/Conv_output_0_DequantizeLinear,409600.0,4.9999999999999996e-06,0.4096,"(1, 0.4096)","(1, 0.4096)"
/model.8/cv1/act/Sigmoid,6553600.0,0,0.4096,"(1, 0.4096)"
/model.8/cv1/act/Mul,204800.0,0,0.4096,"(1, 0.4096)"
/model.8/cv1/act/Mul_output_0_QuantizeLinear,409600.0,4.9999999999999996e-06,0.1024,"(1, 0.1024)"
/model.8/cv1/act/Mul_output_0_DequantizeLinear,409600.0,4.9999999999999996e-06,0.4096,"(1, 0.4096)"
/model.8/Split,0.0,1.6e-05,0.4096,"(1, 0.2048)","(1, 0.2048)"
/model.8/Split_output_0_QuantizeLinear,204800.0,4.9999999999999996e-06,0.0512,"(1, 0.0512)"
/model.8/Split_output_1_QuantizeLinear,204800.0,4.9999999999999996e-06,0.0512,"(1, 0.0512)"
/model.8/Split_output_1_DequantizeLinear,204800.0,4.9999999999999996e-06,0.2048,"(1, 0.2048)","(1, 0.2048)","(1, 0.2048)"
/model.8/m.0/cv1/conv/Conv,6604800.0,0,0.1024,"(1, 0.1024)"
/model.8/m.0/cv2/conv/Conv,6604800.0,0,0.1024,"(1, 0.1024)"
/model.8/Concat,0.0,0,0.6144,"(1, 0.6144)"
/model.8/Concat_output_0_QuantizeLinear,614400.0,4.9999999999999996e-06,0.1536,"(1, 0.1536)"
/model.8/Concat_output_0_DequantizeLinear,614400.0,4.9999999999999996e-06,0.6144,"(1, 0.6144)"
/model.8/cv2/conv/Conv,78848000.0,0,0.4096,"(1, 0.4096)"
/model.8/cv2/conv/Conv_output_0_QuantizeLinear,409600.0,4.9999999999999996e-06,0.1024,"(1, 0.1024)"
/model.8/cv2/conv/Conv_output_0_DequantizeLinear,409600.0,4.9999999999999996e-06,0.4096,"(1, 0.4096)","(1, 0.4096)"
/model.8/cv2/act/Sigmoid,6553600.0,0,0.4096,"(1, 0.4096)"
/model.8/cv2/act/Mul,204800.0,0,0.4096,"(1, 0.4096)"
/model.8/cv2/act/Mul_output_0_QuantizeLinear,409600.0,4.9999999999999996e-06,0.1024,"(1, 0.1024)"
/model.8/cv2/act/Mul_output_0_DequantizeLinear,409600.0,4.9999999999999996e-06,0.4096,"(1, 0.4096)"
/model.9/cv1/conv/Conv,26316800.0,0,0.2048,"(1, 0.2048)"
/model.9/cv1/conv/Conv_output_0_QuantizeLinear,204800.0,4.9999999999999996e-06,0.0512,"(1, 0.0512)"
/model.9/cv1/conv/Conv_output_0_DequantizeLinear,204800.0,4.9999999999999996e-06,0.2048,"(1, 0.2048)","(1, 0.2048)"
/model.9/cv1/act/Sigmoid,3276800.0,0,0.2048,"(1, 0.2048)"
/model.9/cv1/act/Mul,102400.0,0,0.2048,"(1, 0.2048)"
/model.9/cv1/act/Mul_output_0_QuantizeLinear,204800.0,4.9999999999999996e-06,0.0512,"(1, 0.0512)"
/model.9/cv1/act/Mul_output_0_DequantizeLinear,204800.0,4.9999999999999996e-06,0.2048,"(1, 0.2048)","(1, 0.2048)"
/model.9/m/MaxPool,2560000.0,0,0.2048,"(1, 0.2048)"
/model.9/Concat,0.0,0,0.8192,"(1, 0.8192)"
/model.9/Concat_output_0_QuantizeLinear,819200.0,4.9999999999999996e-06,0.2048,"(1, 0.2048)"
/model.9/Concat_output_0_DequantizeLinear,819200.0,4.9999999999999996e-06,0.8192,"(1, 0.8192)"
/model.9/cv2/conv/Conv,105062400.0,0,0.4096,"(1, 0.4096)"
/model.9/cv2/conv/Conv_output_0_QuantizeLinear,409600.0,4.9999999999999996e-06,0.1024,"(1, 0.1024)"
/model.9/cv2/conv/Conv_output_0_DequantizeLinear,409600.0,4.9999999999999996e-06,0.4096,"(1, 0.4096)","(1, 0.4096)"
/model.9/cv2/act/Sigmoid,6553600.0,0,0.4096,"(1, 0.4096)"
/model.9/cv2/act/Mul,204800.0,0,0.4096,"(1, 0.4096)"
/model.9/cv2/act/Mul_output_0_QuantizeLinear,409600.0,4.9999999999999996e-06,0.1024,"(1, 0.1024)"
/model.9/cv2/act/Mul_output_0_DequantizeLinear,409600.0,4.9999999999999996e-06,0.4096,"(1, 0.4096)"
/model.10/cv1/conv/Conv,52633600.0,0,0.4096,"(1, 0.4096)"
/model.10/cv1/conv/Conv_output_0_QuantizeLinear,409600.0,4.9999999999999996e-06,0.1024,"(1, 0.1024)"
/model.10/cv1/conv/Conv_output_0_DequantizeLinear,409600.0,4.9999999999999996e-06,0.4096,"(1, 0.4096)","(1, 0.4096)"
/model.10/cv1/act/Sigmoid,6553600.0,0,0.4096,"(1, 0.4096)"
/model.10/cv1/act/Mul,204800.0,0,0.4096,"(1, 0.4096)"
/model.10/cv1/act/Mul_output_0_QuantizeLinear,409600.0,4.9999999999999996e-06,0.1024,"(1, 0.1024)"
/model.10/cv1/act/Mul_output_0_DequantizeLinear,409600.0,4.9999999999999996e-06,0.4096,"(1, 0.4096)"
/model.10/Split,0.0,1.6e-05,0.4096,"(1, 0.2048)","(1, 0.2048)"
/model.10/Split_output_0_QuantizeLinear,204800.0,4.9999999999999996e-06,0.0512,"(1, 0.0512)"
/model.10/Split_output_1_QuantizeLinear,204800.0,4.9999999999999996e-06,0.0512,"(1, 0.0512)"
/model.10/Split_output_1_DequantizeLinear,204800.0,4.9999999999999996e-06,0.2048,"(1, 0.2048)","(1, 0.2048)"
/model.10/m/m.0/attn/qkv/conv/Conv,26419200.0,0,0.4096,"(1, 0.4096)"
/model.10/m/m.0/Add,102400.0,0,0.2048,"(1, 0.2048)"
/model.10/m/m.0/Add_output_0_QuantizeLinear,204800.0,4.9999999999999996e-06,0.0512,"(1, 0.0512)"
/model.10/m/m.0/Add_output_0_DequantizeLinear,204800.0,4.9999999999999996e-06,0.2048,"(1, 0.2048)","(1, 0.2048)"
/model.10/m/m.0/ffn/ffn.0/conv/Conv,26419200.0,0,0.4096,"(1, 0.4096)"
/model.10/m/m.0/Add_1,102400.0,0,0.2048,"(1, 0.2048)"
/model.10/m/m.0/Add_1_output_0_QuantizeLinear,204800.0,4.9999999999999996e-06,0.0512,"(1, 0.0512)"
/model.10/m/m.0/Add_1_output_0_DequantizeLinear,204800.0,4.9999999999999996e-06,0.2048,"(1, 0.2048)"
/model.10/Concat,0.0,0,0.4096,"(1, 0.4096)"
/model.10/Concat_output_0_QuantizeLinear,409600.0,4.9999999999999996e-06,0.1024,"(1, 0.1024)"
/model.10/Concat_output_0_DequantizeLinear,409600.0,4.9999999999999996e-06,0.4096,"(1, 0.4096)"
/model.10/cv2/conv/Conv,52633600.0,0,0.4096,"(1, 0.4096)"
/model.10/cv2/conv/Conv_output_0_QuantizeLinear,409600.0,4.9999999999999996e-06,0.1024,"(1, 0.1024)"
/model.10/cv2/conv/Conv_output_0_DequantizeLinear,409600.0,4.9999999999999996e-06,0.4096,"(1, 0.4096)","(1, 0.4096)"
/model.10/cv2/act/Sigmoid,6553600.0,0,0.4096,"(1, 0.4096)"
/model.10/cv2/act/Mul,204800.0,0,0.4096,"(1, 0.4096)"
/model.10/cv2/act/Mul_output_0_QuantizeLinear,409600.0,4.9999999999999996e-06,0.1024,"(1, 0.1024)"
/model.10/cv2/act/Mul_output_0_DequantizeLinear,409600.0,4.9999999999999996e-06,0.4096,"(1, 0.4096)","(1, 0.4096)"
/model.11/Resize,0.0,1.6e-05,1.6384,"(1, 1.6384)"
/model.11/Resize_output_0_QuantizeLinear,1638400.0,4.9999999999999996e-06,0.4096,"(1, 0.4096)"
/model.11/Resize_output_0_DequantizeLinear,1638400.0,4.9999999999999996e-06,1.6384,"(1, 1.6384)"
/model.10/cv2/act/Sigmoid_output_0_QuantizeLinear,409600.0,4.9999999999999996e-06,0.1024,"(1, 0.1024)"
/model.10/cv2/act/Sigmoid_output_0_DequantizeLinear,409600.0,4.9999999999999996e-06,0.4096,"(1, 0.4096)"
/model.10/m/m.0/ffn/ffn.0/conv/Conv_output_0_QuantizeLinear,409600.0,4.9999999999999996e-06,0.1024,"(1, 0.1024)"
/model.10/m/m.0/ffn/ffn.0/conv/Conv_output_0_DequantizeLinear,409600.0,4.9999999999999996e-06,0.4096,"(1, 0.4096)","(1, 0.4096)"
/model.10/m/m.0/ffn/ffn.0/act/Sigmoid,6553600.0,0,0.4096,"(1, 0.4096)"
/model.10/m/m.0/ffn/ffn.0/act/Mul,204800.0,0,0.4096,"(1, 0.4096)"
/model.10/m/m.0/ffn/ffn.0/act/Mul_output_0_QuantizeLinear,409600.0,4.9999999999999996e-06,0.1024,"(1, 0.1024)"
/model.10/m/m.0/ffn/ffn.0/act/Mul_output_0_DequantizeLinear,409600.0,4.9999999999999996e-06,0.4096,"(1, 0.4096)"
/model.10/m/m.0/ffn/ffn.1/conv/Conv,26316800.0,0,0.2048,"(1, 0.2048)"
/model.10/m/m.0/ffn/ffn.1/conv/Conv_output_0_QuantizeLinear,204800.0,4.9999999999999996e-06,0.0512,"(1, 0.0512)"
/model.10/m/m.0/ffn/ffn.1/conv/Conv_output_0_DequantizeLinear,204800.0,4.9999999999999996e-06,0.2048,"(1, 0.2048)"
/model.10/m/m.0/ffn/ffn.0/act/Sigmoid_output_0_QuantizeLinear,409600.0,4.9999999999999996e-06,0.1024,"(1, 0.1024)"
/model.10/m/m.0/ffn/ffn.0/act/Sigmoid_output_0_DequantizeLinear,409600.0,4.9999999999999996e-06,0.4096,"(1, 0.4096)"
/model.10/m/m.0/attn/qkv/conv/Conv_output_0_QuantizeLinear,409600.0,4.9999999999999996e-06,0.1024,"(1, 0.1024)"
/model.10/m/m.0/attn/qkv/conv/Conv_output_0_DequantizeLinear,409600.0,4.9999999999999996e-06,0.4096,"(1, 0.4096)"
/model.10/m/m.0/attn/Reshape,0.0,3.2e-05,0.4096,"(1, 0.4096)"
/model.10/m/m.0/attn/Reshape_output_0_QuantizeLinear,409600.0,4.9999999999999996e-06,0.1024,"(1, 0.1024)"
/model.10/m/m.0/attn/Reshape_output_0_DequantizeLinear,409600.0,4.9999999999999996e-06,0.4096,"(1, 0.4096)"
/model.10/m/m.0/attn/Split,0.0,2.4e-05,0.4096,"(1, 0.1024)","(1, 0.1024)","(1, 0.2048)"
/model.10/m/m.0/attn/Split_output_0_QuantizeLinear,102400.0,4.9999999999999996e-06,0.0256,"(1, 0.0256)"
/model.10/m/m.0/attn/Split_output_1_QuantizeLinear,102400.0,4.9999999999999996e-06,0.0256,"(1, 0.0256)"
/model.10/m/m.0/attn/Split_output_2_QuantizeLinear,204800.0,4.9999999999999996e-06,0.0512,"(1, 0.0512)"
/model.10/m/m.0/attn/Split_output_2_DequantizeLinear,204800.0,4.9999999999999996e-06,0.2048,"(1, 0.2048)","(1, 0.2048)"
/model.10/m/m.0/attn/Reshape_2,0.0,3.2e-05,0.2048,"(1, 0.2048)"
/model.10/m/m.0/attn/MatMul_1,40960000.0,0,0.2048,"(1, 0.2048)"
/model.10/m/m.0/attn/MatMul_1_output_0_QuantizeLinear,204800.0,4.9999999999999996e-06,0.0512,"(1, 0.0512)"
/model.10/m/m.0/attn/MatMul_1_output_0_DequantizeLinear,204800.0,4.9999999999999996e-06,0.2048,"(1, 0.2048)"
/model.10/m/m.0/attn/Reshape_1,0.0,3.2e-05,0.2048,"(1, 0.2048)"
/model.10/m/m.0/attn/Reshape_1_output_0_QuantizeLinear,204800.0,4.9999999999999996e-06,0.0512,"(1, 0.0512)"
/model.10/m/m.0/attn/Reshape_1_output_0_DequantizeLinear,204800.0,4.9999999999999996e-06,0.2048,"(1, 0.2048)"
/model.10/m/m.0/attn/Add,102400.0,0,0.2048,"(1, 0.2048)"
/model.10/m/m.0/attn/Add_output_0_QuantizeLinear,204800.0,4.9999999999999996e-06,0.0512,"(1, 0.0512)"
/model.10/m/m.0/attn/Add_output_0_DequantizeLinear,204800.0,4.9999999999999996e-06,0.2048,"(1, 0.2048)"
/model.10/m/m.0/attn/proj/conv/Conv,13209600.0,0,0.2048,"(1, 0.2048)"
/model.10/m/m.0/attn/proj/conv/Conv_output_0_QuantizeLinear,204800.0,4.9999999999999996e-06,0.0512,"(1, 0.0512)"
/model.10/m/m.0/attn/proj/conv/Conv_output_0_DequantizeLinear,204800.0,4.9999999999999996e-06,0.2048,"(1, 0.2048)"
/model.10/m/m.0/attn/Reshape_2_output_0_QuantizeLinear,204800.0,4.9999999999999996e-06,0.0512,"(1, 0.0512)"
/model.10/m/m.0/attn/Reshape_2_output_0_DequantizeLinear,204800.0,4.9999999999999996e-06,0.2048,"(1, 0.2048)"
/model.10/m/m.0/attn/pe/conv/Conv,1024000.0,0,0.2048,"(1, 0.2048)"
/model.10/m/m.0/attn/pe/conv/Conv_output_0_QuantizeLinear,204800.0,4.9999999999999996e-06,0.0512,"(1, 0.0512)"
/model.10/m/m.0/attn/pe/conv/Conv_output_0_DequantizeLinear,204800.0,4.9999999999999996e-06,0.2048,"(1, 0.2048)"
/model.10/m/m.0/attn/Split_output_1_DequantizeLinear,102400.0,4.9999999999999996e-06,0.1024,"(1, 0.1024)"
/model.10/m/m.0/attn/MatMul,20480000.0,0,1.28,"(1, 1.28)"
/model.10/m/m.0/attn/MatMul_output_0_QuantizeLinear,1280000.0,4.9999999999999996e-06,0.32,"(1, 0.32)"
/model.10/m/m.0/attn/MatMul_output_0_DequantizeLinear,1280000.0,4.9999999999999996e-06,1.28,"(1, 1.28)"
/model.10/m/m.0/attn/Mul,640000.0,0,1.28,"(1, 1.28)"
/model.10/m/m.0/attn/Mul_output_0_QuantizeLinear,1280000.0,4.9999999999999996e-06,0.32,"(1, 0.32)"
/model.10/m/m.0/attn/Mul_output_0_DequantizeLinear,1280000.0,4.9999999999999996e-06,1.28,"(1, 1.28)"
/model.10/m/m.0/attn/Softmax,23040000.0,0,1.28,"(1, 1.28)"
/model.10/m/m.0/attn/Softmax_output_0_QuantizeLinear,1280000.0,4.9999999999999996e-06,0.32,"(1, 0.32)"
/model.10/m/m.0/attn/Softmax_output_0_DequantizeLinear,1280000.0,4.9999999999999996e-06,1.28,"(1, 1.28)"
/model.10/m/m.0/attn/Transpose_1,0.0,0,1.28,"(1, 1.28)"
/model.10/m/m.0/attn/Transpose_1_output_0_QuantizeLinear,1280000.0,4.9999999999999996e-06,0.32,"(1, 0.32)"
/model.10/m/m.0/attn/Transpose_1_output_0_DequantizeLinear,1280000.0,4.9999999999999996e-06,1.28,"(1, 1.28)"
/model.10/m/m.0/attn/Split_output_0_DequantizeLinear,102400.0,4.9999999999999996e-06,0.1024,"(1, 0.1024)"
/model.10/m/m.0/attn/Transpose,0.0,0,0.1024,"(1, 0.1024)"
/model.10/m/m.0/attn/Transpose_output_0_QuantizeLinear,102400.0,4.9999999999999996e-06,0.0256,"(1, 0.0256)"
/model.10/m/m.0/attn/Transpose_output_0_DequantizeLinear,102400.0,4.9999999999999996e-06,0.1024,"(1, 0.1024)"
/model.10/Split_output_0_DequantizeLinear,204800.0,4.9999999999999996e-06,0.2048,"(1, 0.2048)"
/model.10/cv1/act/Sigmoid_output_0_QuantizeLinear,409600.0,4.9999999999999996e-06,0.1024,"(1, 0.1024)"
/model.10/cv1/act/Sigmoid_output_0_DequantizeLinear,409600.0,4.9999999999999996e-06,0.4096,"(1, 0.4096)"
/model.9/cv2/act/Sigmoid_output_0_QuantizeLinear,409600.0,4.9999999999999996e-06,0.1024,"(1, 0.1024)"
/model.9/cv2/act/Sigmoid_output_0_DequantizeLinear,409600.0,4.9999999999999996e-06,0.4096,"(1, 0.4096)"
/model.9/m/MaxPool_output_0_QuantizeLinear,204800.0,4.9999999999999996e-06,0.0512,"(1, 0.0512)"
/model.9/m/MaxPool_output_0_DequantizeLinear,204800.0,4.9999999999999996e-06,0.2048,"(1, 0.2048)","(1, 0.2048)"
/model.9/m_1/MaxPool,2560000.0,0,0.2048,"(1, 0.2048)"
/model.9/m_1/MaxPool_output_0_QuantizeLinear,204800.0,4.9999999999999996e-06,0.0512,"(1, 0.0512)"
/model.9/m_1/MaxPool_output_0_DequantizeLinear,204800.0,4.9999999999999996e-06,0.2048,"(1, 0.2048)","(1, 0.2048)"
/model.9/m_2/MaxPool,2560000.0,0,0.2048,"(1, 0.2048)"
/model.9/m_2/MaxPool_output_0_QuantizeLinear,204800.0,4.9999999999999996e-06,0.0512,"(1, 0.0512)"
/model.9/m_2/MaxPool_output_0_DequantizeLinear,204800.0,4.9999999999999996e-06,0.2048,"(1, 0.2048)"
/model.9/cv1/act/Sigmoid_output_0_QuantizeLinear,204800.0,4.9999999999999996e-06,0.0512,"(1, 0.0512)"
/model.9/cv1/act/Sigmoid_output_0_DequantizeLinear,204800.0,4.9999999999999996e-06,0.2048,"(1, 0.2048)"
/model.8/cv2/act/Sigmoid_output_0_QuantizeLinear,409600.0,4.9999999999999996e-06,0.1024,"(1, 0.1024)"
/model.8/cv2/act/Sigmoid_output_0_DequantizeLinear,409600.0,4.9999999999999996e-06,0.4096,"(1, 0.4096)"
/model.8/m.0/cv2/conv/Conv_output_0_QuantizeLinear,102400.0,4.9999999999999996e-06,0.0256,"(1, 0.0256)"
/model.8/m.0/cv2/conv/Conv_output_0_DequantizeLinear,102400.0,4.9999999999999996e-06,0.1024,"(1, 0.1024)","(1, 0.1024)"
/model.8/m.0/cv2/act/Sigmoid,1638400.0,0,0.1024,"(1, 0.1024)"
/model.8/m.0/cv2/act/Mul,51200.0,0,0.1024,"(1, 0.1024)"
/model.8/m.0/cv2/act/Mul_output_0_QuantizeLinear,102400.0,4.9999999999999996e-06,0.0256,"(1, 0.0256)"
/model.8/m.0/cv2/act/Mul_output_0_DequantizeLinear,102400.0,4.9999999999999996e-06,0.1024,"(1, 0.1024)"
/model.8/m.0/Concat,0.0,0,0.2048,"(1, 0.2048)"
/model.8/m.0/Concat_output_0_QuantizeLinear,204800.0,4.9999999999999996e-06,0.0512,"(1, 0.0512)"
/model.8/m.0/Concat_output_0_DequantizeLinear,204800.0,4.9999999999999996e-06,0.2048,"(1, 0.2048)"
/model.8/m.0/cv3/conv/Conv,13209600.0,0,0.2048,"(1, 0.2048)"
/model.8/m.0/cv3/conv/Conv_output_0_QuantizeLinear,204800.0,4.9999999999999996e-06,0.0512,"(1, 0.0512)"
/model.8/m.0/cv3/conv/Conv_output_0_DequantizeLinear,204800.0,4.9999999999999996e-06,0.2048,"(1, 0.2048)","(1, 0.2048)"
/model.8/m.0/cv3/act/Sigmoid,3276800.0,0,0.2048,"(1, 0.2048)"
/model.8/m.0/cv3/act/Mul,102400.0,0,0.2048,"(1, 0.2048)"
/model.8/m.0/cv3/act/Mul_output_0_QuantizeLinear,204800.0,4.9999999999999996e-06,0.0512,"(1, 0.0512)"
/model.8/m.0/cv3/act/Mul_output_0_DequantizeLinear,204800.0,4.9999999999999996e-06,0.2048,"(1, 0.2048)"
/model.8/m.0/cv3/act/Sigmoid_output_0_QuantizeLinear,204800.0,4.9999999999999996e-06,0.0512,"(1, 0.0512)"
/model.8/m.0/cv3/act/Sigmoid_output_0_DequantizeLinear,204800.0,4.9999999999999996e-06,0.2048,"(1, 0.2048)"
/model.8/m.0/cv2/act/Sigmoid_output_0_QuantizeLinear,102400.0,4.9999999999999996e-06,0.0256,"(1, 0.0256)"
/model.8/m.0/cv2/act/Sigmoid_output_0_DequantizeLinear,102400.0,4.9999999999999996e-06,0.1024,"(1, 0.1024)"
/model.8/m.0/cv1/conv/Conv_output_0_QuantizeLinear,102400.0,4.9999999999999996e-06,0.0256,"(1, 0.0256)"
/model.8/m.0/cv1/conv/Conv_output_0_DequantizeLinear,102400.0,4.9999999999999996e-06,0.1024,"(1, 0.1024)","(1, 0.1024)"
/model.8/m.0/cv1/act/Sigmoid,1638400.0,0,0.1024,"(1, 0.1024)"
/model.8/m.0/cv1/act/Mul,51200.0,0,0.1024,"(1, 0.1024)"
/model.8/m.0/cv1/act/Mul_output_0_QuantizeLinear,102400.0,4.9999999999999996e-06,0.0256,"(1, 0.0256)"
/model.8/m.0/cv1/act/Mul_output_0_DequantizeLinear,102400.0,4.9999999999999996e-06,0.1024,"(1, 0.1024)","(1, 0.1024)"
/model.8/m.0/m/m.0/cv1/conv/Conv,29542400.0,0,0.1024,"(1, 0.1024)"
/model.8/m.0/m/m.0/Add,51200.0,0,0.1024,"(1, 0.1024)"
/model.8/m.0/m/m.0/Add_output_0_QuantizeLinear,102400.0,4.9999999999999996e-06,0.0256,"(1, 0.0256)"
/model.8/m.0/m/m.0/Add_output_0_DequantizeLinear,102400.0,4.9999999999999996e-06,0.1024,"(1, 0.1024)","(1, 0.1024)"
/model.8/m.0/m/m.1/cv1/conv/Conv,29542400.0,0,0.1024,"(1, 0.1024)"
/model.8/m.0/m/m.1/Add,51200.0,0,0.1024,"(1, 0.1024)"
/model.8/m.0/m/m.1/Add_output_0_QuantizeLinear,102400.0,4.9999999999999996e-06,0.0256,"(1, 0.0256)"
/model.8/m.0/m/m.1/Add_output_0_DequantizeLinear,102400.0,4.9999999999999996e-06,0.1024,"(1, 0.1024)"
/model.8/m.0/m/m.1/cv1/conv/Conv_output_0_QuantizeLinear,102400.0,4.9999999999999996e-06,0.0256,"(1, 0.0256)"
/model.8/m.0/m/m.1/cv1/conv/Conv_output_0_DequantizeLinear,102400.0,4.9999999999999996e-06,0.1024,"(1, 0.1024)","(1, 0.1024)"
/model.8/m.0/m/m.1/cv1/act/Sigmoid,1638400.0,0,0.1024,"(1, 0.1024)"
/model.8/m.0/m/m.1/cv1/act/Mul,51200.0,0,0.1024,"(1, 0.1024)"
/model.8/m.0/m/m.1/cv1/act/Mul_output_0_QuantizeLinear,102400.0,4.9999999999999996e-06,0.0256,"(1, 0.0256)"
/model.8/m.0/m/m.1/cv1/act/Mul_output_0_DequantizeLinear,102400.0,4.9999999999999996e-06,0.1024,"(1, 0.1024)"
/model.8/m.0/m/m.1/cv2/conv/Conv,29542400.0,0,0.1024,"(1, 0.1024)"
/model.8/m.0/m/m.1/cv2/conv/Conv_output_0_QuantizeLinear,102400.0,4.9999999999999996e-06,0.0256,"(1, 0.0256)"
/model.8/m.0/m/m.1/cv2/conv/Conv_output_0_DequantizeLinear,102400.0,4.9999999999999996e-06,0.1024,"(1, 0.1024)","(1, 0.1024)"
/model.8/m.0/m/m.1/cv2/act/Sigmoid,1638400.0,0,0.1024,"(1, 0.1024)"
/model.8/m.0/m/m.1/cv2/act/Mul,51200.0,0,0.1024,"(1, 0.1024)"
/model.8/m.0/m/m.1/cv2/act/Mul_output_0_QuantizeLinear,102400.0,4.9999999999999996e-06,0.0256,"(1, 0.0256)"
/model.8/m.0/m/m.1/cv2/act/Mul_output_0_DequantizeLinear,102400.0,4.9999999999999996e-06,0.1024,"(1, 0.1024)"
/model.8/m.0/m/m.1/cv2/act/Sigmoid_output_0_QuantizeLinear,102400.0,4.9999999999999996e-06,0.0256,"(1, 0.0256)"
/model.8/m.0/m/m.1/cv2/act/Sigmoid_output_0_DequantizeLinear,102400.0,4.9999999999999996e-06,0.1024,"(1, 0.1024)"
/model.8/m.0/m/m.1/cv1/act/Sigmoid_output_0_QuantizeLinear,102400.0,4.9999999999999996e-06,0.0256,"(1, 0.0256)"
/model.8/m.0/m/m.1/cv1/act/Sigmoid_output_0_DequantizeLinear,102400.0,4.9999999999999996e-06,0.1024,"(1, 0.1024)"
/model.8/m.0/m/m.0/cv1/conv/Conv_output_0_QuantizeLinear,102400.0,4.9999999999999996e-06,0.0256,"(1, 0.0256)"
/model.8/m.0/m/m.0/cv1/conv/Conv_output_0_DequantizeLinear,102400.0,4.9999999999999996e-06,0.1024,"(1, 0.1024)","(1, 0.1024)"
/model.8/m.0/m/m.0/cv1/act/Sigmoid,1638400.0,0,0.1024,"(1, 0.1024)"
/model.8/m.0/m/m.0/cv1/act/Mul,51200.0,0,0.1024,"(1, 0.1024)"
/model.8/m.0/m/m.0/cv1/act/Mul_output_0_QuantizeLinear,102400.0,4.9999999999999996e-06,0.0256,"(1, 0.0256)"
/model.8/m.0/m/m.0/cv1/act/Mul_output_0_DequantizeLinear,102400.0,4.9999999999999996e-06,0.1024,"(1, 0.1024)"
/model.8/m.0/m/m.0/cv2/conv/Conv,29542400.0,0,0.1024,"(1, 0.1024)"
/model.8/m.0/m/m.0/cv2/conv/Conv_output_0_QuantizeLinear,102400.0,4.9999999999999996e-06,0.0256,"(1, 0.0256)"
/model.8/m.0/m/m.0/cv2/conv/Conv_output_0_DequantizeLinear,102400.0,4.9999999999999996e-06,0.1024,"(1, 0.1024)","(1, 0.1024)"
/model.8/m.0/m/m.0/cv2/act/Sigmoid,1638400.0,0,0.1024,"(1, 0.1024)"
/model.8/m.0/m/m.0/cv2/act/Mul,51200.0,0,0.1024,"(1, 0.1024)"
/model.8/m.0/m/m.0/cv2/act/Mul_output_0_QuantizeLinear,102400.0,4.9999999999999996e-06,0.0256,"(1, 0.0256)"
/model.8/m.0/m/m.0/cv2/act/Mul_output_0_DequantizeLinear,102400.0,4.9999999999999996e-06,0.1024,"(1, 0.1024)"
/model.8/m.0/m/m.0/cv2/act/Sigmoid_output_0_QuantizeLinear,102400.0,4.9999999999999996e-06,0.0256,"(1, 0.0256)"
/model.8/m.0/m/m.0/cv2/act/Sigmoid_output_0_DequantizeLinear,102400.0,4.9999999999999996e-06,0.1024,"(1, 0.1024)"
/model.8/m.0/m/m.0/cv1/act/Sigmoid_output_0_QuantizeLinear,102400.0,4.9999999999999996e-06,0.0256,"(1, 0.0256)"
/model.8/m.0/m/m.0/cv1/act/Sigmoid_output_0_DequantizeLinear,102400.0,4.9999999999999996e-06,0.1024,"(1, 0.1024)"
/model.8/m.0/cv1/act/Sigmoid_output_0_QuantizeLinear,102400.0,4.9999999999999996e-06,0.0256,"(1, 0.0256)"
/model.8/m.0/cv1/act/Sigmoid_output_0_DequantizeLinear,102400.0,4.9999999999999996e-06,0.1024,"(1, 0.1024)"
/model.8/Split_output_0_DequantizeLinear,204800.0,4.9999999999999996e-06,0.2048,"(1, 0.2048)"
/model.8/cv1/act/Sigmoid_output_0_QuantizeLinear,409600.0,4.9999999999999996e-06,0.1024,"(1, 0.1024)"
/model.8/cv1/act/Sigmoid_output_0_DequantizeLinear,409600.0,4.9999999999999996e-06,0.4096,"(1, 0.4096)"
/model.7/act/Sigmoid_output_0_QuantizeLinear,409600.0,4.9999999999999996e-06,0.1024,"(1, 0.1024)"
/model.7/act/Sigmoid_output_0_DequantizeLinear,409600.0,4.9999999999999996e-06,0.4096,"(1, 0.4096)"
/model.6/cv2/act/Sigmoid_output_0_QuantizeLinear,819200.0,4.9999999999999996e-06,0.2048,"(1, 0.2048)"
/model.6/cv2/act/Sigmoid_output_0_DequantizeLinear,819200.0,4.9999999999999996e-06,0.8192,"(1, 0.8192)"
/model.6/m.0/cv2/conv/Conv_output_0_QuantizeLinear,204800.0,4.9999999999999996e-06,0.0512,"(1, 0.0512)"
/model.6/m.0/cv2/conv/Conv_output_0_DequantizeLinear,204800.0,4.9999999999999996e-06,0.2048,"(1, 0.2048)","(1, 0.2048)"
/model.6/m.0/cv2/act/Sigmoid,3276800.0,0,0.2048,"(1, 0.2048)"
/model.6/m.0/cv2/act/Mul,102400.0,0,0.2048,"(1, 0.2048)"
/model.6/m.0/cv2/act/Mul_output_0_QuantizeLinear,204800.0,4.9999999999999996e-06,0.0512,"(1, 0.0512)"
/model.6/m.0/cv2/act/Mul_output_0_DequantizeLinear,204800.0,4.9999999999999996e-06,0.2048,"(1, 0.2048)"
/model.6/m.0/Concat,0.0,0,0.4096,"(1, 0.4096)"
/model.6/m.0/Concat_output_0_QuantizeLinear,409600.0,4.9999999999999996e-06,0.1024,"(1, 0.1024)"
/model.6/m.0/Concat_output_0_DequantizeLinear,409600.0,4.9999999999999996e-06,0.4096,"(1, 0.4096)"
/model.6/m.0/cv3/conv/Conv,13312000.0,0,0.4096,"(1, 0.4096)"
/model.6/m.0/cv3/conv/Conv_output_0_QuantizeLinear,409600.0,4.9999999999999996e-06,0.1024,"(1, 0.1024)"
/model.6/m.0/cv3/conv/Conv_output_0_DequantizeLinear,409600.0,4.9999999999999996e-06,0.4096,"(1, 0.4096)","(1, 0.4096)"
/model.6/m.0/cv3/act/Sigmoid,6553600.0,0,0.4096,"(1, 0.4096)"
/model.6/m.0/cv3/act/Mul,204800.0,0,0.4096,"(1, 0.4096)"
/model.6/m.0/cv3/act/Mul_output_0_QuantizeLinear,409600.0,4.9999999999999996e-06,0.1024,"(1, 0.1024)"
/model.6/m.0/cv3/act/Mul_output_0_DequantizeLinear,409600.0,4.9999999999999996e-06,0.4096,"(1, 0.4096)"
/model.6/m.0/cv3/act/Sigmoid_output_0_QuantizeLinear,409600.0,4.9999999999999996e-06,0.1024,"(1, 0.1024)"
/model.6/m.0/cv3/act/Sigmoid_output_0_DequantizeLinear,409600.0,4.9999999999999996e-06,0.4096,"(1, 0.4096)"
/model.6/m.0/cv2/act/Sigmoid_output_0_QuantizeLinear,204800.0,4.9999999999999996e-06,0.0512,"(1, 0.0512)"
/model.6/m.0/cv2/act/Sigmoid_output_0_DequantizeLinear,204800.0,4.9999999999999996e-06,0.2048,"(1, 0.2048)"
/model.6/m.0/cv1/conv/Conv_output_0_QuantizeLinear,204800.0,4.9999999999999996e-06,0.0512,"(1, 0.0512)"
/model.6/m.0/cv1/conv/Conv_output_0_DequantizeLinear,204800.0,4.9999999999999996e-06,0.2048,"(1, 0.2048)","(1, 0.2048)"
/model.6/m.0/cv1/act/Sigmoid,3276800.0,0,0.2048,"(1, 0.2048)"
/model.6/m.0/cv1/act/Mul,102400.0,0,0.2048,"(1, 0.2048)"
/model.6/m.0/cv1/act/Mul_output_0_QuantizeLinear,204800.0,4.9999999999999996e-06,0.0512,"(1, 0.0512)"
/model.6/m.0/cv1/act/Mul_output_0_DequantizeLinear,204800.0,4.9999999999999996e-06,0.2048,"(1, 0.2048)","(1, 0.2048)"
/model.6/m.0/m/m.0/cv1/conv/Conv,29593600.0,0,0.2048,"(1, 0.2048)"
/model.6/m.0/m/m.0/Add,102400.0,0,0.2048,"(1, 0.2048)"
/model.6/m.0/m/m.0/Add_output_0_QuantizeLinear,204800.0,4.9999999999999996e-06,0.0512,"(1, 0.0512)"
/model.6/m.0/m/m.0/Add_output_0_DequantizeLinear,204800.0,4.9999999999999996e-06,0.2048,"(1, 0.2048)","(1, 0.2048)"
/model.6/m.0/m/m.1/cv1/conv/Conv,29593600.0,0,0.2048,"(1, 0.2048)"
/model.6/m.0/m/m.1/Add,102400.0,0,0.2048,"(1, 0.2048)"
/model.6/m.0/m/m.1/Add_output_0_QuantizeLinear,204800.0,4.9999999999999996e-06,0.0512,"(1, 0.0512)"
/model.6/m.0/m/m.1/Add_output_0_DequantizeLinear,204800.0,4.9999999999999996e-06,0.2048,"(1, 0.2048)"
/model.6/m.0/m/m.1/cv1/conv/Conv_output_0_QuantizeLinear,204800.0,4.9999999999999996e-06,0.0512,"(1, 0.0512)"
/model.6/m.0/m/m.1/cv1/conv/Conv_output_0_DequantizeLinear,204800.0,4.9999999999999996e-06,0.2048,"(1, 0.2048)","(1, 0.2048)"
/model.6/m.0/m/m.1/cv1/act/Sigmoid,3276800.0,0,0.2048,"(1, 0.2048)"
/model.6/m.0/m/m.1/cv1/act/Mul,102400.0,0,0.2048,"(1, 0.2048)"
/model.6/m.0/m/m.1/cv1/act/Mul_output_0_QuantizeLinear,204800.0,4.9999999999999996e-06,0.0512,"(1, 0.0512)"
/model.6/m.0/m/m.1/cv1/act/Mul_output_0_DequantizeLinear,204800.0,4.9999999999999996e-06,0.2048,"(1, 0.2048)"
/model.6/m.0/m/m.1/cv2/conv/Conv,29593600.0,0,0.2048,"(1, 0.2048)"
/model.6/m.0/m/m.1/cv2/conv/Conv_output_0_QuantizeLinear,204800.0,4.9999999999999996e-06,0.0512,"(1, 0.0512)"
/model.6/m.0/m/m.1/cv2/conv/Conv_output_0_DequantizeLinear,204800.0,4.9999999999999996e-06,0.2048,"(1, 0.2048)","(1, 0.2048)"
/model.6/m.0/m/m.1/cv2/act/Sigmoid,3276800.0,0,0.2048,"(1, 0.2048)"
/model.6/m.0/m/m.1/cv2/act/Mul,102400.0,0,0.2048,"(1, 0.2048)"
/model.6/m.0/m/m.1/cv2/act/Mul_output_0_QuantizeLinear,204800.0,4.9999999999999996e-06,0.0512,"(1, 0.0512)"
/model.6/m.0/m/m.1/cv2/act/Mul_output_0_DequantizeLinear,204800.0,4.9999999999999996e-06,0.2048,"(1, 0.2048)"
/model.6/m.0/m/m.1/cv2/act/Sigmoid_output_0_QuantizeLinear,204800.0,4.9999999999999996e-06,0.0512,"(1, 0.0512)"
/model.6/m.0/m/m.1/cv2/act/Sigmoid_output_0_DequantizeLinear,204800.0,4.9999999999999996e-06,0.2048,"(1, 0.2048)"
/model.6/m.0/m/m.1/cv1/act/Sigmoid_output_0_QuantizeLinear,204800.0,4.9999999999999996e-06,0.0512,"(1, 0.0512)"
/model.6/m.0/m/m.1/cv1/act/Sigmoid_output_0_DequantizeLinear,204800.0,4.9999999999999996e-06,0.2048,"(1, 0.2048)"
/model.6/m.0/m/m.0/cv1/conv/Conv_output_0_QuantizeLinear,204800.0,4.9999999999999996e-06,0.0512,"(1, 0.0512)"
/model.6/m.0/m/m.0/cv1/conv/Conv_output_0_DequantizeLinear,204800.0,4.9999999999999996e-06,0.2048,"(1, 0.2048)","(1, 0.2048)"
/model.6/m.0/m/m.0/cv1/act/Sigmoid,3276800.0,0,0.2048,"(1, 0.2048)"
/model.6/m.0/m/m.0/cv1/act/Mul,102400.0,0,0.2048,"(1, 0.2048)"
/model.6/m.0/m/m.0/cv1/act/Mul_output_0_QuantizeLinear,204800.0,4.9999999999999996e-06,0.0512,"(1, 0.0512)"
/model.6/m.0/m/m.0/cv1/act/Mul_output_0_DequantizeLinear,204800.0,4.9999999999999996e-06,0.2048,"(1, 0.2048)"
/model.6/m.0/m/m.0/cv2/conv/Conv,29593600.0,0,0.2048,"(1, 0.2048)"
/model.6/m.0/m/m.0/cv2/conv/Conv_output_0_QuantizeLinear,204800.0,4.9999999999999996e-06,0.0512,"(1, 0.0512)"
/model.6/m.0/m/m.0/cv2/conv/Conv_output_0_DequantizeLinear,204800.0,4.9999999999999996e-06,0.2048,"(1, 0.2048)","(1, 0.2048)"
/model.6/m.0/m/m.0/cv2/act/Sigmoid,3276800.0,0,0.2048,"(1, 0.2048)"
/model.6/m.0/m/m.0/cv2/act/Mul,102400.0,0,0.2048,"(1, 0.2048)"
/model.6/m.0/m/m.0/cv2/act/Mul_output_0_QuantizeLinear,204800.0,4.9999999999999996e-06,0.0512,"(1, 0.0512)"
/model.6/m.0/m/m.0/cv2/act/Mul_output_0_DequantizeLinear,204800.0,4.9999999999999996e-06,0.2048,"(1, 0.2048)"
/model.6/m.0/m/m.0/cv2/act/Sigmoid_output_0_QuantizeLinear,204800.0,4.9999999999999996e-06,0.0512,"(1, 0.0512)"
/model.6/m.0/m/m.0/cv2/act/Sigmoid_output_0_DequantizeLinear,204800.0,4.9999999999999996e-06,0.2048,"(1, 0.2048)"
/model.6/m.0/m/m.0/cv1/act/Sigmoid_output_0_QuantizeLinear,204800.0,4.9999999999999996e-06,0.0512,"(1, 0.0512)"
/model.6/m.0/m/m.0/cv1/act/Sigmoid_output_0_DequantizeLinear,204800.0,4.9999999999999996e-06,0.2048,"(1, 0.2048)"
/model.6/m.0/cv1/act/Sigmoid_output_0_QuantizeLinear,204800.0,4.9999999999999996e-06,0.0512,"(1, 0.0512)"
/model.6/m.0/cv1/act/Sigmoid_output_0_DequantizeLinear,204800.0,4.9999999999999996e-06,0.2048,"(1, 0.2048)"
/model.6/Split_output_0_DequantizeLinear,409600.0,4.9999999999999996e-06,0.4096,"(1, 0.4096)"
/model.6/cv1/act/Sigmoid_output_0_QuantizeLinear,819200.0,4.9999999999999996e-06,0.2048,"(1, 0.2048)"
/model.6/cv1/act/Sigmoid_output_0_DequantizeLinear,819200.0,4.9999999999999996e-06,0.8192,"(1, 0.8192)"
/model.5/act/Sigmoid_output_0_QuantizeLinear,819200.0,4.9999999999999996e-06,0.2048,"(1, 0.2048)"
/model.5/act/Sigmoid_output_0_DequantizeLinear,819200.0,4.9999999999999996e-06,0.8192,"(1, 0.8192)"
/model.4/cv2/act/Sigmoid_output_0_QuantizeLinear,3276800.0,4.9999999999999996e-06,0.8192,"(1, 0.8192)"
/model.4/cv2/act/Sigmoid_output_0_DequantizeLinear,3276800.0,4.9999999999999996e-06,3.2768,"(1, 3.2768)"
/model.4/m.0/Add_output_0_QuantizeLinear,819200.0,4.9999999999999996e-06,0.2048,"(1, 0.2048)"
/model.4/m.0/Add_output_0_DequantizeLinear,819200.0,4.9999999999999996e-06,0.8192,"(1, 0.8192)"
/model.4/m.0/cv1/conv/Conv_output_0_QuantizeLinear,409600.0,4.9999999999999996e-06,0.1024,"(1, 0.1024)"
/model.4/m.0/cv1/conv/Conv_output_0_DequantizeLinear,409600.0,4.9999999999999996e-06,0.4096,"(1, 0.4096)","(1, 0.4096)"
/model.4/m.0/cv1/act/Sigmoid,6553600.0,0,0.4096,"(1, 0.4096)"
/model.4/m.0/cv1/act/Mul,204800.0,0,0.4096,"(1, 0.4096)"
/model.4/m.0/cv1/act/Mul_output_0_QuantizeLinear,409600.0,4.9999999999999996e-06,0.1024,"(1, 0.1024)"
/model.4/m.0/cv1/act/Mul_output_0_DequantizeLinear,409600.0,4.9999999999999996e-06,0.4096,"(1, 0.4096)"
/model.4/m.0/cv2/conv/Conv,59392000.0,0,0.8192,"(1, 0.8192)"
/model.4/m.0/cv2/conv/Conv_output_0_QuantizeLinear,819200.0,4.9999999999999996e-06,0.2048,"(1, 0.2048)"
/model.4/m.0/cv2/conv/Conv_output_0_DequantizeLinear,819200.0,4.9999999999999996e-06,0.8192,"(1, 0.8192)","(1, 0.8192)"
/model.4/m.0/cv2/act/Sigmoid,13107200.0,0,0.8192,"(1, 0.8192)"
/model.4/m.0/cv2/act/Mul,409600.0,0,0.8192,"(1, 0.8192)"
/model.4/m.0/cv2/act/Mul_output_0_QuantizeLinear,819200.0,4.9999999999999996e-06,0.2048,"(1, 0.2048)"
/model.4/m.0/cv2/act/Mul_output_0_DequantizeLinear,819200.0,4.9999999999999996e-06,0.8192,"(1, 0.8192)"
/model.4/m.0/cv2/act/Sigmoid_output_0_QuantizeLinear,819200.0,4.9999999999999996e-06,0.2048,"(1, 0.2048)"
/model.4/m.0/cv2/act/Sigmoid_output_0_DequantizeLinear,819200.0,4.9999999999999996e-06,0.8192,"(1, 0.8192)"
/model.4/m.0/cv1/act/Sigmoid_output_0_QuantizeLinear,409600.0,4.9999999999999996e-06,0.1024,"(1, 0.1024)"
/model.4/m.0/cv1/act/Sigmoid_output_0_DequantizeLinear,409600.0,4.9999999999999996e-06,0.4096,"(1, 0.4096)"
/model.4/Split_output_0_DequantizeLinear,819200.0,4.9999999999999996e-06,0.8192,"(1, 0.8192)"
/model.4/cv1/act/Sigmoid_output_0_QuantizeLinear,1638400.0,4.9999999999999996e-06,0.4096,"(1, 0.4096)"
/model.4/cv1/act/Sigmoid_output_0_DequantizeLinear,1638400.0,4.9999999999999996e-06,1.6384,"(1, 1.6384)"
/model.3/act/Sigmoid_output_0_QuantizeLinear,1638400.0,4.9999999999999996e-06,0.4096,"(1, 0.4096)"
/model.3/act/Sigmoid_output_0_DequantizeLinear,1638400.0,4.9999999999999996e-06,1.6384,"(1, 1.6384)"
/model.2/cv2/act/Sigmoid_output_0_QuantizeLinear,6553600.0,4.9999999999999996e-06,1.6384,"(1, 1.6384)"
/model.2/cv2/act/Sigmoid_output_0_DequantizeLinear,6553600.0,4.9999999999999996e-06,6.5536,"(1, 6.5536)"
/model.2/m.0/Add_output_0_QuantizeLinear,1638400.0,4.9999999999999996e-06,0.4096,"(1, 0.4096)"
/model.2/m.0/Add_output_0_DequantizeLinear,1638400.0,4.9999999999999996e-06,1.6384,"(1, 1.6384)"
/model.2/m.0/cv1/conv/Conv_output_0_QuantizeLinear,819200.0,4.9999999999999996e-06,0.2048,"(1, 0.2048)"
/model.2/m.0/cv1/conv/Conv_output_0_DequantizeLinear,819200.0,4.9999999999999996e-06,0.8192,"(1, 0.8192)","(1, 0.8192)"
/model.2/m.0/cv1/act/Sigmoid,13107200.0,0,0.8192,"(1, 0.8192)"
/model.2/m.0/cv1/act/Mul,409600.0,0,0.8192,"(1, 0.8192)"
/model.2/m.0/cv1/act/Mul_output_0_QuantizeLinear,819200.0,4.9999999999999996e-06,0.2048,"(1, 0.2048)"
/model.2/m.0/cv1/act/Mul_output_0_DequantizeLinear,819200.0,4.9999999999999996e-06,0.8192,"(1, 0.8192)"
/model.2/m.0/cv2/conv/Conv,59801600.0,0,1.6384,"(1, 1.6384)"
/model.2/m.0/cv2/conv/Conv_output_0_QuantizeLinear,1638400.0,4.9999999999999996e-06,0.4096,"(1, 0.4096)"
/model.2/m.0/cv2/conv/Conv_output_0_DequantizeLinear,1638400.0,4.9999999999999996e-06,1.6384,"(1, 1.6384)","(1, 1.6384)"
/model.2/m.0/cv2/act/Sigmoid,26214400.0,0,1.6384,"(1, 1.6384)"
/model.2/m.0/cv2/act/Mul,819200.0,0,1.6384,"(1, 1.6384)"
/model.2/m.0/cv2/act/Mul_output_0_QuantizeLinear,1638400.0,4.9999999999999996e-06,0.4096,"(1, 0.4096)"
/model.2/m.0/cv2/act/Mul_output_0_DequantizeLinear,1638400.0,4.9999999999999996e-06,1.6384,"(1, 1.6384)"
/model.2/m.0/cv2/act/Sigmoid_output_0_QuantizeLinear,1638400.0,4.9999999999999996e-06,0.4096,"(1, 0.4096)"
/model.2/m.0/cv2/act/Sigmoid_output_0_DequantizeLinear,1638400.0,4.9999999999999996e-06,1.6384,"(1, 1.6384)"
/model.2/m.0/cv1/act/Sigmoid_output_0_QuantizeLinear,819200.0,4.9999999999999996e-06,0.2048,"(1, 0.2048)"
/model.2/m.0/cv1/act/Sigmoid_output_0_DequantizeLinear,819200.0,4.9999999999999996e-06,0.8192,"(1, 0.8192)"
/model.2/Split_output_0_DequantizeLinear,1638400.0,4.9999999999999996e-06,1.6384,"(1, 1.6384)"
/model.2/cv1/act/Sigmoid_output_0_QuantizeLinear,3276800.0,4.9999999999999996e-06,0.8192,"(1, 0.8192)"
/model.2/cv1/act/Sigmoid_output_0_DequantizeLinear,3276800.0,4.9999999999999996e-06,3.2768,"(1, 3.2768)"
/model.1/act/Sigmoid_output_0_QuantizeLinear,3276800.0,4.9999999999999996e-06,0.8192,"(1, 0.8192)"
/model.1/act/Sigmoid_output_0_DequantizeLinear,3276800.0,4.9999999999999996e-06,3.2768,"(1, 3.2768)"
/model.0/act/Sigmoid_output_0_QuantizeLinear,6553600.0,4.9999999999999996e-06,1.6384,"(1, 1.6384)"
/model.0/act/Sigmoid_output_0_DequantizeLinear,6553600.0,4.9999999999999996e-06,6.5536,"(1, 6.5536)"
OutputReceiverNode,0,0,0
